timestamp,x,y,z
455328329.069967,-9340.9707,-40857.4824,28.7305
455328329.104967,-9340.767,-40857.3034,28.7345
455328329.139967,-9340.5619,-40857.1236,28.7405
455328329.174967,-9340.3582,-40856.944,28.7455
455328329.209967,-9340.1545,-40856.7655,28.7506
455328329.244967,-9339.9503,-40856.5876,28.7567
455328329.279967,-9339.747,-40856.4078,28.7613
455328329.314967,-9339.5431,-40856.2294,28.7664
455328329.349967,-9339.3409,-40856.0498,28.7692
455328329.384967,-9339.1359,-40855.8706,28.7762
455328329.419967,-9338.9332,-40855.6913,28.7806
455328329.454967,-9338.728,-40855.5113,28.7884
455328329.489967,-9338.5253,-40855.3321,28.7926
455328329.524967,-9338.3217,-40855.1507,28.7977
455328329.559967,-9338.1176,-40854.9705,28.8025
455328329.594967,-9337.9132,-40854.7896,28.8073
455328329.629967,-9337.7077,-40854.6077,28.8126
455328329.664967,-9337.5028,-40854.4262,28.8167
455328329.699967,-9337.2964,-40854.2438,28.8223
455328329.734967,-9337.0907,-40854.0613,28.8266
455328329.769967,-9336.884,-40853.8768,28.8322
455328329.804967,-9336.6775,-40853.6943,28.8378
455328329.839967,-9336.4698,-40853.5092,28.8443
455328329.874967,-9336.2626,-40853.3243,28.8492
455328329.909967,-9336.0541,-40853.138,28.854
455328329.944967,-9335.8456,-40852.9516,28.8573
455328329.979967,-9335.6362,-40852.764,28.8602
455328330.014967,-9335.4256,-40852.5763,28.8636
455328330.049967,-9335.2156,-40852.3876,28.8652
455328330.084967,-9335.0045,-40852.1989,28.8677
455328330.119967,-9334.7927,-40852.0076,28.8709
455328330.154967,-9334.5808,-40851.8168,28.8749
455328330.189967,-9334.3685,-40851.6261,28.8795
455328330.224967,-9334.1558,-40851.4333,28.8845
455328330.259967,-9333.942,-40851.2402,28.8901
455328330.294967,-9333.7288,-40851.0464,28.8934
455328330.329967,-9333.5144,-40850.8508,28.897
455328330.364967,-9333.3006,-40850.6546,28.8985
455328330.394967,-9333.1147,-40850.4862,28.9027
455328330.424967,-9332.9291,-40850.3161,28.9065
455328330.454967,-9332.7444,-40850.1475,28.9086
455328330.484967,-9332.5584,-40849.9738,28.9119
455328330.514967,-9332.3735,-40849.8046,28.9135
455328330.544967,-9332.1858,-40849.6323,28.9189
455328330.574967,-9332.0002,-40849.4585,28.9206
455328330.604967,-9331.8136,-40849.2865,28.9239
455328330.634967,-9331.6252,-40849.111,28.9289
455328330.664967,-9331.438,-40848.9369,28.9318
455328330.694967,-9331.2501,-40848.7602,28.9353
455328330.724967,-9331.0609,-40848.5836,28.94
455328330.754967,-9330.8734,-40848.408,28.9423
455328330.784967,-9330.684,-40848.2302,28.9464
455328330.814967,-9330.4963,-40848.05,28.9481
455328330.844967,-9330.3054,-40847.8715,28.9536
455328330.874967,-9330.116,-40847.692,28.9572
455328330.904967,-9329.9256,-40847.511,28.9616
455328330.934967,-9329.7355,-40847.3297,28.9653
455328330.964967,-9329.5454,-40847.1469,28.9688
455328330.994967,-9329.3549,-40846.9653,28.9724
455328331.024967,-9329.1643,-40846.781,28.9766
455328331.054967,-9328.9727,-40846.5976,28.9815
455328331.084967,-9328.7821,-40846.4133,28.9843
455328331.114967,-9328.5903,-40846.2272,28.9888
455328331.144967,-9328.3993,-40846.0424,28.9916
455328331.174967,-9328.2074,-40845.8552,28.9957
455328331.204967,-9328.0158,-40845.6698,28.9989
455328331.234967,-9327.824,-40845.4815,29.0019
455328331.264967,-9327.6331,-40845.2931,29.0032
455328331.294967,-9327.4414,-40845.1034,29.0053
455328331.324967,-9327.2488,-40844.9142,29.0087
455328331.354967,-9327.0572,-40844.7252,29.0113
455328331.384967,-9326.8642,-40844.5347,29.0158
455328331.414967,-9326.6722,-40844.3425,29.0191
455328331.444967,-9326.4795,-40844.1509,29.0238
455328331.474967,-9326.2864,-40843.9576,29.0281
455328331.504967,-9326.0946,-40843.7642,29.031
455328331.534967,-9325.9023,-40843.5705,29.0339
455328331.564967,-9325.7087,-40843.3757,29.0377
455328331.594967,-9325.5171,-40843.1806,29.0382
455328331.624967,-9325.3237,-40842.9834,29.0413
455328331.654967,-9325.1313,-40842.7874,29.0427
455328331.684967,-9324.9375,-40842.5905,29.0469
455328331.714967,-9324.7455,-40842.3923,29.0501
455328331.744967,-9324.5526,-40842.1942,29.0551
455328331.774967,-9324.3601,-40841.9965,29.0594
455328331.804967,-9324.1673,-40841.7965,29.0647
455328331.834967,-9323.9751,-40841.5954,29.0691
455328331.864967,-9323.7825,-40841.3952,29.0737
455328331.894967,-9323.5899,-40841.1936,29.0778
455328331.924967,-9323.3962,-40840.9905,29.0834
455328331.954967,-9323.2051,-40840.7878,29.0853
455328331.984967,-9323.011,-40840.5845,29.0909
455328332.014967,-9322.8183,-40840.3797,29.0952
455328332.044967,-9322.6259,-40840.1757,29.0987
455328332.074967,-9322.4331,-40839.9697,29.1029
455328332.104967,-9322.2418,-40839.7649,29.1054
455328332.134967,-9322.0472,-40839.5556,29.1128
455328332.164967,-9321.857,-40839.3492,29.1144
455328332.194967,-9321.6633,-40839.141,29.1214
455328332.224967,-9321.4704,-40838.9304,29.1274
455328332.254967,-9321.2786,-40838.7244,29.1321
455328332.284967,-9321.086,-40838.5103,29.1382
455328332.314967,-9320.8932,-40838.303,29.1441
455328332.344967,-9320.7031,-40838.0897,29.1464
455328332.374967,-9320.5091,-40837.8774,29.1539
455328332.404967,-9320.3181,-40837.6659,29.1571
455328332.434967,-9320.127,-40837.4514,29.161
455328332.464967,-9319.9347,-40837.2392,29.1669
455328332.494967,-9319.7437,-40837.0244,29.1715
455328332.524967,-9319.5507,-40836.8088,29.1784
455328332.554967,-9319.3607,-40836.5949,29.1814
455328332.584967,-9319.167,-40836.378,29.1898
455328332.614967,-9318.9769,-40836.1615,29.1926
455328332.644967,-9318.7857,-40835.9436,29.1969
455328332.674967,-9318.5924,-40835.7258,29.2036
455328332.704967,-9318.4033,-40835.5073,29.2044
455328332.734967,-9318.2104,-40835.2861,29.2099
455328332.764967,-9318.0198,-40835.0673,29.212
455328332.794967,-9317.8275,-40834.8459,29.2167
455328332.824967,-9317.6369,-40834.6251,29.2197
455328332.854967,-9317.4444,-40834.4027,29.2251
455328332.884967,-9317.2551,-40834.1805,29.2266
455328332.914967,-9317.0631,-40833.9563,29.2321
455328332.944967,-9316.8729,-40833.7319,29.2352
455328332.974967,-9316.6817,-40833.5081,29.2403
455328333.004967,-9316.4931,-40833.2806,29.2425
455328333.034967,-9316.3021,-40833.0563,29.248
455328333.064967,-9316.1131,-40832.8285,29.2523
455328333.094967,-9315.9234,-40832.6017,29.2572
455328333.124967,-9315.7352,-40832.3748,29.2604
455328333.154967,-9315.5473,-40832.1463,29.2645
455328333.184967,-9315.3587,-40831.9176,29.2698
455328333.214967,-9315.1719,-40831.6895,29.2733
455328333.244967,-9314.9846,-40831.4598,29.2783
455328333.274967,-9314.7981,-40831.2298,29.2825
455328333.304967,-9314.6118,-40831.0001,29.2874
455328333.334967,-9314.4257,-40830.7697,29.2925
455328333.364967,-9314.2402,-40830.5387,29.2974
455328333.394967,-9314.0551,-40830.3078,29.3017
455328333.424967,-9313.87,-40830.0758,29.3069
455328333.454967,-9313.6859,-40829.8436,29.3111
455328333.484967,-9313.5021,-40829.6114,29.3156
455328333.514967,-9313.3187,-40829.378,29.3199
455328333.544967,-9313.1359,-40829.1447,29.3235
455328333.574967,-9312.9528,-40828.912,29.3283
455328333.604967,-9312.7709,-40828.6765,29.3328
455328333.634967,-9312.5895,-40828.4425,29.337
455328333.664967,-9312.4071,-40828.2072,29.3429
455328333.694967,-9312.2268,-40827.9725,29.3472
455328333.724967,-9312.046,-40827.7356,29.3528
455328333.754967,-9311.8666,-40827.4998,29.3565
455328333.784967,-9311.6867,-40827.2632,29.3615
455328333.814967,-9311.5085,-40827.0255,29.3645
455328333.844967,-9311.3291,-40826.7877,29.3701
455328333.874967,-9311.1513,-40826.5494,29.3739
455328333.904967,-9310.9729,-40826.3124,29.3787
455328333.934967,-9310.7963,-40826.0714,29.3822
455328333.964967,-9310.6188,-40825.8322,29.387
455328333.994967,-9310.442,-40825.5934,29.3911
455328334.024967,-9310.2671,-40825.3518,29.3924
455328334.054967,-9310.0898,-40825.1115,29.3968
