item,label_ja,status,value_m_or_percent,p10,p90,sections_observed,sections_total
deck_length_m,床版の橋軸方向長さ（中心線、点群範囲）,observed,9.428,,,,
skew_deg,斜角（床版端線と橋軸直角方向のなす角、度）,observed,0.266,,,,
total_width_m,全幅,observed,5.015,4.970,5.043,8,9
effective_width_m,有効幅員（地覆内側間）,observed,3.870,3.462,3.985,9,9
cross_slope_percent,横断勾配（全体の直線当てはめ、%）,observed,-0.109,-0.298,1.520,9,9
crown_height_m,路面の拝み高さ（弦からの盛り上がり）,observed,0.034,0.014,0.050,9,9
left_cross_slope_percent,横断勾配（左側、%）,observed,-2.294,-3.280,-1.509,7,9
right_cross_slope_percent,横断勾配（右側、%）,observed,2.305,1.946,4.154,7,9
left_curb_width_m,地覆幅（左）,observed,0.568,0.400,0.600,8,9
right_curb_width_m,地覆幅（右）,observed,0.578,0.528,0.622,9,9
left_curb_height_m,地覆高（左）,observed,0.252,0.220,0.267,8,9
right_curb_height_m,地覆高（右）,observed,0.250,0.237,0.255,9,9
left_parapet_height_m,高欄高（左、地覆天端から）,unobserved,,,,0,9
right_parapet_height_m,高欄高（右、地覆天端から）,unobserved,,,,0,9
left_outer_face_depth_m,外面の可視深さ（左、床版上面から）,lower_bound,0.442,0.421,0.471,5,9
right_outer_face_depth_m,外面の可視深さ（右、床版上面から）,lower_bound,0.438,0.426,0.566,5,9
slab_thickness_m,床版厚,observed,0.498,0.478,0.550,8,9
