1335706505030651,-198.06361582673961,-407.10320285769569,13.698936208034405,-0.051118788031653997,0.042716594719828999,1.159803369067836
1335706505039755,-198.05820586132526,-407.09051364375659,13.700184545052171,-0.051769012193475003,0.043337995182286003,1.1597554582939389
1335706505831797,-197.50115928564381,-406.06283816628422,13.799507149626049,-0.026294102405979,0.086683499447577,0.97853184550139805
1335706505840282,-197.49482539913473,-406.05327859974466,13.800422320467694,-0.025469268845034001,0.086187677694997994,0.97851876302020002
1335706506631997,-196.84264564963973,-405.1286912621872,13.884164348158292,-0.054288282829892003,0.097139393054513995,0.89759729414467004
1335706506640334,-196.83566762073971,-405.11976815355115,13.88494644488188,-0.054910870440925998,0.096931053706100001,0.89757626598778595
1335706507430677,-196.08193738140068,-404.29372120283227,13.95880181310589,-0.060189752608075998,0.10704674371976999,0.73678162983092299
1335706507438147,-196.07436735394458,-404.28671485581407,13.959459979665398,-0.059670533550150999,0.107210951917268,0.73674774631984696
1335706508230140,-195.25127006483436,-403.64509880980552,14.025405866954371,-0.070234179321161994,0.074446585407752994,0.57047803421460896
1335706508242023,-195.25127006483424,-403.64509880980535,14.025405866954367,-0.070234179321161994,0.074446585407752994,0.57047803421460896
1335706509032444,-194.37197116319749,-403.19950985040066,14.121106770911373,-0.050640905383195003,0.044882604794891,0.39721834521236699
1335706509040306,-194.36293333338207,-403.1958502227825,14.122016181173116,-0.050504334068916003,0.044045256991663,0.39578476886977498
1335706509832069,-193.38575170279915,-402.83966387267958,14.213517894666733,-0.063249179091052002,0.018667361425430001,0.32525164806614298
1335706509840225,-193.37567446175066,-402.83629128557476,14.214394885734766,-0.066032939720241005,0.017652556470184998,0.32532932172447898
1335706510630230,-192.35495792452372,-402.52646350406792,14.297180416714834,-0.070167373829672003,0.0081516552029519997,0.29434249069166102
1335706510640180,-192.3412400436157,-402.52214815158186,14.298195793326212,-0.068771860276058999,0.0086069412856509993,0.29547499451898501
1335706511430730,-191.14193225294721,-402.13438455394777,14.377134013676248,-0.10371326713288501,0.068775680727969996,0.249008289414579
1335706511440154,-191.12697178635264,-402.13008472587381,14.378031392763695,-0.105845242756145,0.068777821364939998,0.24903236149726299
1335706512232044,-189.86296618313236,-401.86422994743657,14.461822009518119,-0.056080802017665,0.102544128356298,0.15328319320244799
1335706512234310,-189.85931821347415,-401.86369678810053,14.462084646561966,-0.055636870654228003,0.10263031065483,0.153285852756293
1335706513030462,-188.66345159409818,-401.71006737481639,14.540935949697243,-0.076466628467768999,0.121130965115331,0.16694170982193501
1335706513040708,-188.64817435630485,-401.70748943156934,14.541805050832107,-0.077794724027095002,0.122454578884512,0.17130961820920801
1335706513831448,-187.67294090449974,-401.49680340788836,14.589830749338578,-0.049846380093924003,0.088744186649342999,0.25304105165994401
1335706513840683,-187.66341097319923,-401.49424973791412,14.590228474611791,-0.048958802394897,0.087533643462087002,0.25457498417034802
1335706514630765,-186.80013339745113,-401.20388181924716,14.620506654889663,-0.087548436343903996,0.080725603028503998,0.38763612541439901
1335706514650160,-186.77756976580534,-401.19396419426619,14.62114130044753,-0.090369245787900995,0.082833013809130995,0.38954922382283103
1335706515431012,-186.0284601185148,-400.80631616282079,14.638611537478322,-0.042181877938886003,0.01937513289471,0.49690362656030701
1335706515440307,-186.0193996646847,-400.800830151713,14.638782493219498,-0.040911641879108,0.019413002150522,0.499433192159144
1335706516233575,-185.24618052126178,-400.24882235691831,14.646590305672612,-0.057160955357217998,0.074109335472532997,0.70279579783445401
1335706516241274,-185.24062192376957,-400.24437801457191,14.646615395335672,-0.058319694784040997,0.071479129770579006,0.70284127091319404
1335706517030344,-184.58209316791954,-399.56990419359363,14.653215925789414,-0.042299626788941003,0.146937767170816,0.94687862613876905
1335706517040345,-184.57486436572657,-399.56023272507844,14.653344980293056,-0.041627681195401001,0.147196848938215,0.95470068489603499
1335706517830295,-184.21013358648733,-398.99672788500914,14.662542083654392,-0.042811153520351003,-0.043741242855696999,1.033207784519782
1335706517835395,-184.20755819654548,-398.99254912733528,14.662624509773396,-0.042859571903632002,-0.044583672001184002,1.0324953194278801
1335706518632223,-183.74047314659293,-398.13644219614423,14.683215019270225,-0.00892597434568,0.017885953848581,1.1590209085342309
1335706518640551,-183.73609250367093,-398.12669054490431,14.683486894567238,-0.010779574581673,0.016686701397846001,1.161877513493808
1335706519430591,-183.32971558109853,-397.05753266413541,14.718394258646395,-0.018239223031647,0.055789202987294999,1.2840667253200491
1335706519440666,-183.32454609708677,-397.04045830208014,14.719029206682492,-0.015477279804616001,0.059087177535052,1.2871841846257841
1335706520430423,-183.07974358911963,-395.56707141802735,14.744591163061148,-0.023023607204728999,0.172340643732566,1.600565828573606
1335706520436530,-183.07969686058911,-395.55814414731037,14.744420749462126,-0.023601040887328999,0.17369906593770901,1.6049081898512789
1335706521230786,-183.16317068078476,-394.83223851882843,14.734224673061972,-0.026477033021423999,0.13248036407562699,1.8866012711741471
1335706521240779,-183.16423576209425,-394.82868873625495,14.734191035692819,-0.025949038093073001,0.129211874969695,1.8896302951852351
1335706522030772,-183.29859809748388,-394.53799936901703,14.732207523722414,-0.0073558084163599996,0.025506966899350999,2.179706672664723
1335706522034744,-183.29946529513683,-394.53670989709894,14.732203299434772,-0.0073849004110039997,0.024909261751279999,2.1839845336438448
1335706522830291,-183.56568624454277,-394.27016218542667,14.733153710817811,-0.019413441057679,-0.076844700354662995,2.497189785364859
1335706522840169,-183.5733360498281,-394.26432236112845,14.733223984551859,-0.019018991876012002,-0.075599397986070002,2.5018128952258611
1335706523630042,-184.31492834709965,-393.88572631642683,14.74824684439027,-0.013043795375599999,0.00076483355288100002,2.8420527998586631
1335706523640602,-184.32512590092611,-393.88254342795449,14.748567827962017,-0.014611536527511,0.00033977059708199998,2.846609142054541
1335706524430575,-185.24572898553956,-393.75179392591906,14.779969324426975,-0.020036925922709,0.10187425302718101,3.1189817604607888
1335706524440506,-185.25672700548998,-393.75176195899098,14.780030308651664,-0.018788589184626,0.099394471270167997,3.1188211298059958
1335706525232030,-185.97790753902436,-393.74765509037081,14.783078609092978,-0.0027631873661790002,-0.053355181684464001,3.0919676556249058
1335706525240375,-185.98813603938427,-393.74728437103715,14.783098291876666,-0.0035870956955199999,-0.052940427732070999,3.0919182126182241
1335706526030865,-186.96903862517144,-393.68851765472687,14.782553100008917,0.003629771696481,-0.056515359309730999,3.094845477925976
1335706526036182,-186.97599264833411,-393.68816706380142,14.782539916833874,0.0040870128732809997,-0.057030153830694,3.0970545592629111
1335706526830595,-188.1477622427567,-393.70186796203262,14.780330672145713,-0.012788883675682001,-0.0055208322275600002,-3.0331488766126271
1335706526840414,-188.16262426798744,-393.70308106759762,14.780304912420162,-0.0134940542845,-0.0051950589188939997,-3.0332334807794021
1335706527630511,-189.34262338520864,-393.82833509495129,14.776405067408444,0.001148458102258,0.006104133104524,-3.0078886830842611
1335706527640712,-189.35772025605655,-393.82963459007885,14.776308920881243,0.0010836712597969999,0.0064627076571609999,-3.0094021572618419
1335706528430470,-190.4785101829516,-393.89755644374026,14.766906017879016,-0.0043888711551769996,0.015991740957924001,-3.0595506751255201
1335706528440324,-190.49172976870344,-393.89863327889816,14.766824915878601,-0.003562099575767,0.015135554244587001,-3.0606683881133931
1335706529230438,-191.55567346877649,-393.97505574666673,14.759102085610033,-0.00068442835179799997,-0.0082307289898329999,-3.0817080875898459
1335706529242520,-191.57245642069975,-393.97602105077192,14.758959635199993,-0.001022985274941,-0.0079805102855750008,-3.0816956669935269
1335706530030508,-192.63704052683073,-394.01188632513805,14.748448801303748,-0.001573784336307,-0.028718670345854999,-3.125161596672986
1335706530040720,-192.65097438351353,-394.01204986672315,14.748293539787912,-0.00021102440374199999,-0.027631837160003,-3.127657969902919
1335706530830594,-193.77390268535635,-393.98968144399305,14.734217842838316,0.000854192241356,-0.019682972053871001,3.1319711873905041
1335706530840532,-193.78874087894778,-393.98942664712371,14.734023575708493,0.00036391981356599998,-0.019536020029207998,3.1342605306848861
1335706531630200,-194.97136679118611,-394.00866456079632,14.718483174546789,-0.0076002698181109997,0.0075719752884629999,-3.0941292825836828
1335706531640366,-194.9862264686351,-394.00922882306526,14.718282340773239,-0.0066414243113249996,0.0074339735032330004,-3.0943877138754021
1335706532433630,-196.09980531078816,-394.08043465508638,14.724974890686919,-0.017947088735549,0.013557255923696001,-3.085905237860064
1335706532440267,-196.10928608829099,-394.08117944794628,14.72506280782204,-0.017955087467602,0.013924839817573999,-3.086438954112031
1335706533229827,-197.19192264621586,-394.16569911835131,14.730505704368577,-0.0092464312117550001,-0.0012019543885740001,-3.0814621252908112
1335706533235462,-197.19979606512175,-394.16632728816757,14.73051243666893,-0.0092920510548950008,-0.00085470840853800001,-3.081256153828662
1335706534030442,-198.29113524884048,-394.22707807723782,14.726131511579593,-0.0058134417888510001,-0.007850267097952,3.138556942957675
1335706534040681,-198.30512040867984,-394.22723093709021,14.725998467849863,-0.0053933586255239998,-0.0080337736812040005,3.1373995160595651
1335706534830235,-199.42976458578997,-394.2255620225302,14.709812254780982,-0.0057688918495989996,0.0024566473849520001,3.1213483911698718
1335706534840323,-199.44378717529952,-394.22541197432275,14.709543013549407,-0.0062911213428760004,0.001783644476461,3.120524495530145
1335706535630660,-200.54946569885627,-394.17484775747175,14.688071364896825,0.017631626748821998,0.010014317456627,3.047838661187193
1335706535638818,-200.56087774837428,-394.17365255210984,14.68797717803827,0.017949018998407,0.010083756379244,3.0478546836067459
1335706536430249,-201.65301218831911,-394.04430979349701,14.678068943716978,0.0017787456786149999,0.0015139126003410001,3.0302491766683302
1335706536440600,-201.66807552226965,-394.04247937165098,14.677924725043157,0.0011860902704809999,0.001900432962641,3.030152421593161
1335706537232933,-202.78874064631688,-393.9355219197509,14.667628018333481,0.0049114027040289996,-0.0020288590686249998,3.085885787430771
1335706537240864,-202.79999010391555,-393.93480933506845,14.667531266902845,0.0055692108493570003,-0.0017482843900570001,3.0872422217149649
1335706538030599,-203.95720381522978,-393.87671929396481,14.657572737623742,-0.014786773813447,0.022876707282631002,3.1380684942611232
1335706538037917,-203.96789449485846,-393.87661293352687,14.657490073823958,-0.015121934597677,0.023129290884277998,3.1380896223205919
1335706538834751,-205.06368130914342,-393.90921816459797,14.650034661911123,0.002609175360001,-0.00195976846196,-3.0813040908860398
1335706538840373,-205.07153416935043,-393.90966466135364,14.649985408900431,0.002333804318094,-0.001955114487386,-3.0812943696585768
1335706539631758,-206.12816043936226,-393.94845450509354,14.629883506914005,0.0043684093297979999,-0.014331160442501,3.1277580324837002
1335706539640509,-206.1398823594395,-393.94838443880178,14.629631179528076,0.0046020748480860001,-0.014409256211767999,3.12773783833698
1335706540430228,-207.2396306251197,-393.93557814813664,14.610002721526847,-0.00093791747339700001,-0.0058125025124850004,-3.1313620186176689
1335706540438033,-207.25074383349721,-393.93577508505439,14.609857020242753,-0.0014682297004920001,-0.0058313248142129997,-3.1313795855385171
1335706541232577,-208.36854406187186,-393.97582713442586,14.600126482003096,0.014187477647745,-0.0044508029715590001,-3.1152457047369251
1335706541240293,-208.37928493347172,-393.9761863669238,14.600073598015481,0.013681461341635,-0.0045818971312760002,-3.115266023354422
1335706542035294,-209.52402383852871,-393.96054029497259,14.597457003209259,-0.007524208526602,0.041840794424715999,3.091509283569994
1335706542040440,-209.53176024200172,-393.9601725849534,14.597463008005363,-0.006154967248513,0.042273247431694999,3.0915089030009848
1335706542834729,-210.47611392682904,-393.87062876634383,14.597056821179846,0.0079929339034660006,-0.029764373347480999,3.0024023111964908
1335706542840205,-210.48325912330483,-393.86947377625825,14.596982014387224,0.0073196175983730001,-0.028639286010931998,3.001460046797388
1335706543630195,-211.51490334762104,-393.65492852398376,14.584786781260259,0.028844738975727001,-0.024745141734532999,2.9390362568579849
1335706543640260,-211.52796204773333,-393.6519794683669,14.584624227022253,0.028745864560087001,-0.025408668339678999,2.9394801334968461
1335706544430273,-212.62439096707783,-393.43137445532579,14.571464009361362,0.013911743124523,-0.0090812488961770008,2.9935724916670079
1335706544440324,-212.63885675020794,-393.42898837417431,14.571301303872115,0.013606065990394,-0.0089206938704830003,2.9949876129892878
1335706545234823,-213.85012993243157,-393.28726949975862,14.559004836792006,-0.007401964915397,0.069860488822061001,3.069331886822523
1335706545240576,-213.86006584950547,-393.28643184376699,14.558911090408307,-0.008320056123877,0.072851391375175004,3.0694488462992582
1335706546030648,-214.81302348664525,-393.18468134824167,14.549216851955507,0.0038625086703979999,-0.029136326204991,3.0252123785058882
1335706546041140,-214.82361820085933,-393.18336216680461,14.549102526771357,0.0037821687528479999,-0.029609580374230001,3.0250029837909862
1335706546830150,-215.79779548225875,-393.09074611469111,14.531008416523864,-0.011101335457418,-0.011603497032953001,3.063044586092031
1335706546837710,-215.80724787863019,-393.09023043310469,14.530785722462296,-0.011153590803687,-0.012138452743412,3.0640562401741929
1335706547630047,-216.95041076171381,-393.05406428453244,14.508585371784896,-0.012290452427961,0.031251028149878998,3.115173472964972
1335706547640486,-216.96488714734332,-393.0538306566441,14.508362738639118,-0.012091879924038,0.030185680028622,3.1156521774117709
1335706548431976,-218.01553921243388,-393.07141864372232,14.497107736228243,-0.00061128809429199997,-0.011052277506735,-3.1140585646228489
1335706548438286,-218.02504214847795,-393.07169084235943,14.49704397720307,-9.0429071674999999e-05,-0.010500802537564,-3.1140708639681818
1335706549230319,-219.13831760001244,-393.10645870922656,14.494027651738701,-0.022236457525147,-0.020678550455378,-3.1267865158749748
1335706549240198,-219.1520306591556,-393.10649534828065,14.494027696194006,-0.022745008707186001,-0.020795154754105,-3.130009773122179
1335706550029769,-220.25113559042654,-393.04848190021829,14.489581966328348,0.012226956744459,0.0024922482556180002,3.0980637726087861
1335706550040272,-220.26524796349244,-393.04777453490544,14.489317507499319,0.010538572546579,0.0019857178706890002,3.101461532946777
1335706550830193,-221.33896203994007,-393.03489219045838,14.471949329962289,-0.031073231563347001,-0.003522699541729,3.1314831270126962
1335706550840480,-221.35283043753975,-393.0346956423474,14.47173554064571,-0.027826543789169999,-0.0036874056095069999,3.1255880136030099
1335706551630185,-222.43079825314226,-393.01505338605949,14.455820715126356,0.010860421918660001,-0.0045865590416589996,3.1385343159696881
1335706551640521,-222.44550878860048,-393.0149624021243,14.455624855428127,0.0097323860792999997,-0.0042811253820490003,3.1403316521637068
1335706552430370,-223.55031999915582,-392.99733981094289,14.441323996417161,-0.010249006966786,-0.0011840337247930001,3.1304591638035131
1335706552441076,-223.56515665697214,-392.99712840868506,14.44114600367902,-0.0056154186506820001,-0.0011123777039399999,3.1297973916652202
1335706553230708,-224.64988601372821,-393.03509809436753,14.432081608570723,-0.0098736137469230007,-0.0074077595187130004,-3.061819496220171
1335706553238160,-224.66016059823832,-393.03593769863619,14.432033328126781,-0.010989684867468,-0.0074987403178130001,-3.0617985956467262
1335706554030578,-225.75224591368246,-393.08798645930995,14.422305216352182,0.038121955960742998,-0.0046783333235979998,-3.0889271789363169
1335706554039372,-225.76435022508798,-393.08833577019021,14.422168006772813,0.039646090095396998,-0.0048270130231400001,-3.0889164729221128
1335706554830157,-226.86008033502759,-393.13145656439542,14.409419055289391,-0.01136546472447,-0.0069792746898119998,-3.1013909460288982
1335706554840233,-226.87411015394011,-393.13168639665696,14.409228168984207,-0.012367437268331999,-0.0065696286828259998,-3.1054584909904239
1335706555630354,-227.97614170628597,-393.1303075948195,14.39243399925812,0.042594796970961003,-0.0051174821174359997,-3.126564460332971
1335706555637424,-227.98608052293943,-393.13021385165905,14.392271107164984,0.042713938863388,-0.0051411690864459998,-3.1249108868687969
1335706556432918,-229.12817867130798,-393.09799795010395,14.371693836821022,0.003215912477582,0.010054047268269001,3.1184574447630329
1335706556440888,-229.1395822630459,-393.09743616504181,14.371469026371509,0.0039088613738959997,0.01030100979332,3.1167534967186219
1335706557230667,-230.24104916686602,-393.06292539171415,14.350298569519227,0.030767683737955,0.012634178330606999,-3.1316069016437069
1335706557240382,-230.25512628039866,-393.06246207953183,14.350037795954751,0.026882222287846001,0.012636325753205,-3.1305752603507542
1335706558034122,-231.37544128980232,-393.00598522462002,14.329600089075271,0.014706547287953,-0.001848421344723,3.1207778930061649
1335706558041262,-231.38595731720437,-393.00530009458839,14.329412859273727,0.015895899710127,-0.0016530833369439999,3.1207888250185598
1335706558830665,-232.50306500812505,-392.96947398711649,14.311662636855752,-0.0021875240665279998,-0.015621166414829,-3.1140630060259169
1335706558838750,-232.51436203183968,-392.96926435234877,14.311496707696286,-0.003354252031431,-0.015838094119513001,-3.115068255044843
1335706559630779,-233.67026058367981,-392.92340986334767,14.294814390097091,0.019432304213676001,-0.0063648658957370001,-3.1370516665668302
1335706559640705,-233.6844784760317,-392.92278950816637,14.294619965125747,0.020571750344674001,-0.0067514360947940003,-3.137054745894039
1335706560430612,-234.86148572952891,-392.88495828843554,14.2798103423175,-0.025536530895694,-0.0020103916561310001,-3.135659982456882
1335706560436745,-234.87069700506657,-392.88455025095897,14.279699655369214,-0.026010749471498,-0.0019465232289719999,-3.1386523709090528
1335706561232034,-236.03168172257222,-392.89130557542717,14.298102953693069,0.016775717683771001,0.0043938688294880004,3.1311364188889792
1335706561240168,-236.04348723641749,-392.89153379955104,14.298328508335537,0.013966904683037001,0.0042147500107769997,3.133487509424449
1335706562032055,-237.19123433767697,-392.90908171524097,14.310967340053651,-0.014642637693298001,0.0065881241126279997,3.131930973477389
1335706562036770,-237.19803143796656,-392.9090463309081,14.310984642573935,-0.014321060630536,0.0065931645522490003,3.1318779364276339
1335706562830585,-238.34244199601545,-392.88879400494829,14.304179215876932,-0.0060111504119550003,0.045990447003293002,-3.1405013781636399
1335706562840472,-238.35482796163794,-392.88853143778283,14.3040011216825,-0.0091678518553590001,0.043336499545023,-3.1408640472238161
1335706563635375,-239.31583352971654,-392.82225273177204,14.282200740382981,0.004553736986312,-0.018528569199389999,3.0704605979763189
1335706563640823,-239.32305364058692,-392.82140189349604,14.281975926939602,0.0071744500262870001,-0.017514244952738001,3.0714570630413758
1335706564430701,-240.33762582754215,-392.72193184587911,14.242918044515884,-0.011928715687709,-0.032300626392202998,3.1070094781986271
1335706564440249,-240.33762582754215,-392.72193184587906,14.242918044515882,-0.011928715687709,-0.032300626392202998,3.1070094781986271
1335706565235988,-241.52528592693824,-392.66900703772188,14.232817970308719,0.014132547653467,0.0055176143515180002,3.081857499100976
1335706565240487,-241.53188632380636,-392.668783832928,14.232773471081977,0.014530320568957001,0.0053746987259210002,3.081855210284
1335706566031863,-242.73132360536016,-392.68744010034266,14.228436759371,-0.023387388591253,0.034136383962895998,-3.0856363908376641
1335706566040553,-242.74407685549011,-392.68848924825636,14.228440033760052,-0.022905426047932002,0.034095672153367999,-3.085633158721512
1335706566834136,-243.84274957141471,-392.79170978717218,14.231024865161253,0.026343097768559001,0.0099890710550510006,-3.0815103665032639
1335706566840721,-243.85207983709694,-392.79251354061716,14.231059922739517,0.024133128436511001,0.010492819490006,-3.0814886847146412
1335706567630180,-244.90890419998084,-392.87135934212142,14.236252121752514,-0.011101740271434001,-0.023696575872295001,-3.117894369384266
1335706567636912,-244.91809082910478,-392.871807657045,14.236302555400584,-0.010829984250267001,-0.023768034247535999,-3.119778155221784
1335706568430519,-246.03071633226867,-392.96261032568827,14.242931122018742,0.020183796951601,-0.023106144687583999,-3.0328032188911109
1335706568439997,-246.04441970640985,-392.96452578510548,14.24300338474406,0.019438752318758998,-0.023377468265251999,-3.032855494888937
1335706569230190,-247.23271609134849,-393.10927124765487,14.244730477340635,0.0094550721482160004,-0.0083782330326109995,-3.0969650595194831
1335706569237439,-247.24335737014178,-393.11001490795036,14.244689753181028,0.010812226270161001,-0.0083895881957680007,-3.09699686429372
1335706570032139,-248.44240775698194,-393.16039985469627,14.234954994985696,0.00045564243653299999,0.0086048703505960007,-3.1361968695089968
1335706570042428,-248.45762978526517,-393.16077956539124,14.23477269940491,-0.0016770049532079999,0.0087291854891090002,-3.137577022992041
1335706570830645,-249.61715612529648,-393.19663130006523,14.21765028307577,0.020432786944321001,0.017686044564643,-3.101998536417792
1335706570840316,-249.63105189893707,-393.1973792378605,14.217416439135688,0.021937143633158001,0.017693710627709001,-3.10203913449276
1335706571630659,-250.73975881718857,-393.28851303046815,14.196889552432065,-0.011380515715292,0.0026526616993049999,-3.0626213789900292
1335706571636985,-250.73975881718869,-393.28851303046832,14.196889552432065,-0.011380515715292,0.0026526616993049999,-3.0626213789900292
1335706572430222,-251.89434301514177,-393.33396254131191,14.200033517716673,0.031887850037649997,0.158291243407468,3.1126548582995239
1335706572437134,-251.90426017982389,-393.33378360552211,14.200013735519612,0.032528439546254,0.16059588520335399,3.1117046229320402
1335706573235405,-252.56423203553044,-393.2938584335792,14.196820108436647,-0.0012849944391169999,-0.0035825057299210001,3.032605344450237
1335706573240473,-252.56956347425137,-393.29335410202498,14.196781399190556,-0.00053069020829800005,-0.002180472752163,3.0326762138110919
1335706574034284,-253.26630640491919,-393.22124487111677,14.190716572280314,0.0054337023849929996,-0.118030346585597,3.0461893376623221
1335706574040263,-253.27246102214883,-393.22078135768965,14.190662352007534,0.0054054578584429996,-0.11881058034278,3.046187310930927
1335706574836217,-254.36573272591949,-393.16829892888774,14.179996622740115,0.0059490294267090004,-0.039865288156449998,3.0740050218415709
1335706574837456,-254.36755744677981,-393.16821145163493,14.179975327428581,0.0060090918701770002,-0.039811672359446999,3.0740138200163849
1335706575630311,-255.62117680394428,-393.11922557044983,14.162930283126677,-0.0045392391902350001,0.025885400280748001,3.0880031432478079
1335706575637987,-255.62117680394434,-393.11922557044983,14.162930283126677,-0.0045392391902350001,0.025885400280748001,3.0880031432478079
1335706576435160,-256.82270335994178,-393.02221115562583,14.141895742040239,0.010747203313537,0.035100730250368001,3.060505303647159
1335706576440089,-256.82939249318451,-393.02159180277721,14.141769790189839,0.010888767209026999,0.034908329386949002,3.0605117009983731
1335706577230685,-257.88754800294248,-392.93840781087454,14.12140451215595,0.0017686403567089999,0.030468855988585002,3.111975549947477
1335706577240452,-257.89999255379848,-392.93796091745469,14.12117107976049,0.0019989326954730001,0.029315392158453,3.1141649609033619
1335706578030736,-258.86698400562148,-392.99636627592662,14.105284004189834,-0.0022267106576449999,-0.001115257322788,-3.0118354758777
1335706578040720,-258.87860772556064,-392.99794984727873,14.105113103947556,-0.002103470622641,-0.0017536480052780001,-3.011836686631971
1335706578834599,-259.84817525894118,-393.11319297111436,14.089651146127858,0.013319865321374001,0.011988205909100999,-3.0481748397156498
1335706578840318,-259.85444969523326,-393.11381288542071,14.089542674297673,0.012727986749862001,0.0098648553785539994,-3.0482366490492239
1335706579630521,-260.76918266068463,-393.19557497036971,14.080146325050043,-0.001276696119929,-0.028499416530697,-3.0709571688502062
1335706579637559,-260.77917726149724,-393.19629582972823,14.08023571704271,-0.001257832317395,-0.027810048377929001,-3.07172462593355
1335706580433626,-261.9056759016687,-393.29231849056515,14.090017862868013,-0.004533238484853,-0.025750430311406999,-3.045348047033734
1335706580440454,-261.91615351264937,-393.29335035132056,14.090105573039907,-0.004627797978982,-0.025434161699417,-3.0453189758191268
1335706581230774,-263.14324189598142,-393.37469175945648,14.098273745140432,0.0038025412784609999,0.015287682298177001,-3.1190413788474309
1335706581237557,-263.15316915949023,-393.37491114069002,14.098321144027739,0.0037242013891720001,0.015014375929733001,-3.1198722004568729
1335706582030173,-264.3335454897059,-393.34722529903854,14.102198286995538,-0.0074289480128589998,0.033692349714083997,3.0916041465953659
1335706582042467,-264.35034207831217,-393.34635997825796,14.102238077348295,-0.0075082229686599996,0.032321461924848999,3.0901178693476492
1335706582830459,-265.41629861787118,-393.27682317864929,14.104304105510629,-0.015181375328467001,-0.0019431754523480001,3.064654747840192
1335706582840499,-265.43014786221181,-393.27574843113467,14.10432594083202,-0.015161272226316001,-0.001787259443793,3.0640708887546348
1335706583634378,-266.46800782990397,-393.18153868104446,14.102479865329602,-0.021324309356817998,-0.021686677158047001,3.1032072016930088
1335706583641124,-266.4773555677836,-393.18089017841254,14.102432057437323,-0.021716842315397,-0.021661282811477001,3.103215303273998
1335706584436618,-267.59540866202059,-393.0421920752068,14.091437772645666,-0.010151522030603001,0.0043869768043440002,2.9625695622899819
1335706584439020,-267.5988929249275,-393.04144592591047,14.091385504503592,-0.0099672582516900001,0.0045259314340460001,2.962574217225681
1335706585230420,-268.64521607460466,-392.72474200024737,14.070764770129475,-0.028651400375109,0.031581027649159002,2.7849725963274499
1335706585240184,-268.65558085776928,-392.7204595808696,14.070509132612329,-0.029252243853373001,0.030668372602323,2.7812191600165952
1335706586030477,-269.4946763308082,-392.2736449110331,14.046220105666537,-0.0063793311469159996,0.0010793803274090001,2.6126292236622342
1335706586040366,-269.50553100325101,-392.26671113936106,14.045861425222292,-0.0059714977581939999,0.0013593116764049999,2.610966098975573
1335706586832218,-270.34136058638524,-391.66410613909443,14.015040289540377,0.0023464529802090001,-0.019176590682714999,2.5334109321509848
1335706586842020,-270.34136058638512,-391.66410613909454,14.015040289540384,0.0023464529802090001,-0.019176590682714999,2.5334109321509848
1335706587635961,-271.19633273930566,-390.94430233788052,14.002899039904882,-0.027044784114364999,0.012020821155629999,2.4228130481459669
1335706587640714,-271.20131037252668,-390.93947796631926,14.002775294559919,-0.025257345868720998,0.012103446259113,2.42281350497161
1335706588430166,-272.00246489717824,-390.00828814887223,13.972312690662655,-0.032349581270835003,0.113266243011441,2.22696967590633
1335706588440153,-272.01112011612759,-389.99598831707596,13.971842852218103,-0.034111039503519,0.11313168953234699,2.2193843012403822
1335706589230409,-272.45499614419907,-389.14087662913687,13.938685216790459,-0.027295691873424999,0.113683003921267,1.940092573507936
1335706589238616,-272.45778715989263,-389.13281065225476,13.938375416482437,-0.027113249817362,0.11405262359240199,1.9400841343548521
1335706590032021,-272.5949747470022,-388.53554808350577,13.916176687105683,-0.077277949635914001,-0.025593678181295001,1.6966680297093319
1335706590040609,-272.59560166098578,-388.52869541949076,13.915939756555476,-0.077340001647381001,-0.027448234923421001,1.6913022152194179
1335706590837741,-272.59362877072112,-387.72828039851737,13.888403079702703,-0.057746435471098999,-0.065436111563587002,1.540708720099194
1335706590840445,-272.59343722407687,-387.72495844398588,13.888283852296434,-0.059676696897334,-0.065465269203078005,1.5393096866664571
1335706591630085,-272.50140737222483,-386.54809987499306,13.842446584453027,-0.061714313816898,0.0095851754292129998,1.5249684329707951
1335706591640304,-272.50055487789507,-386.53064810469482,13.841729446744658,-0.061013097018977003,0.011500165160094,1.531281740267358
1335706592432736,-272.53609521096575,-385.20676433338258,13.784540649677776,-0.077507298031744998,0.109848800536731,1.6787406243192631
1335706592440515,-272.53742181975269,-385.19434526426141,13.783983014129596,-0.077565167758646997,0.110841666659646,1.679352014561327
1335706593230374,-272.63115663731514,-384.16870339646982,13.739951651419481,-0.059618852730545999,0.042840531413738003,1.621431119584831
1335706593240261,-272.63162687239003,-384.15680268476268,13.739477263948693,-0.059599031535870997,0.042212455578312998,1.620303628746832
1335706594029987,-272.64485878305851,-383.22860286180924,13.704100802032539,-0.056924986826673997,-0.0088550002490189999,1.612424532503518
1335706594040437,-272.64514418146427,-383.21656504476209,13.70365050359084,-0.056647405276993003,-0.0090135613202300003,1.61365287893881
1335706594830299,-272.67041879734342,-382.20733178020072,13.66701617409525,-0.054439099338999999,-4.1245163263999998e-05,1.6204317715873939
1335706594840384,-272.67041879734347,-382.20733178020049,13.66701617409524,-0.054439099338999999,-4.1245163263999998e-05,1.6204317715873939
1335706595630443,-272.7179902362742,-381.05837001566385,13.633832262082302,-0.047943699861244998,0.037869846194828999,1.5385847218868061
1335706595640468,-272.71746928486039,-381.0427582095399,13.633345233258503,-0.047312355503497001,0.039098759049219001,1.538444514366597
1335706596437951,-272.58505777410824,-379.88009071946965,13.594700256295349,-0.065104389562820997,0.044401938708962002,1.4395803076120861
1335706596440973,-272.58441713867796,-379.87597259236867,13.594551745611872,-0.065123844593791003,0.044229631214452003,1.4395556853775271
1335706597236982,-272.41244997992317,-378.78195768046839,13.551339281969843,-0.056344356171440999,0.042918261691537,1.430765901348038
1335706597240380,-272.41163249426626,-378.77746599359881,13.551148891541169,-0.056469568273101997,0.042778936206441,1.429788630094613
1335706598030483,-272.12092483610309,-377.71310229711247,13.504577135658584,-0.080596179737305998,0.038823727163067999,1.267325450365562
1335706598040352,-272.11604172035675,-377.69998838629169,13.503986237563433,-0.080344965433483004,0.039131910717599,1.267219674381949
1335706598830311,-271.73884951113814,-376.75587145832651,13.461368300976517,-0.068488844050985001,0.019619096009253999,1.1499368269947869
1335706598841457,-271.73220890583076,-376.74139287378313,13.460707400525619,-0.068915148335326998,0.020471267158686999,1.146244891400968
1335706599631301,-271.17821993643599,-375.84200259365133,13.417380720339681,-0.053006019742875998,0.059616392177281999,0.89490915930444104
1335706599639854,-271.17256612233746,-375.83504102007612,13.417029310337925,-0.052824180584447003,0.058889064299134,0.89496355934017102
1335706600432256,-270.62719710215271,-375.23660443979549,13.385234785729056,-0.043747198241395002,-0.033227446981762998,0.831809641936752
1335706600440251,-270.62088490677974,-375.22974400891161,13.384842516666517,-0.046068976487513999,-0.032437213836951001,0.83438525222777005
1335706601234166,-269.98075036116433,-374.52163100472745,13.340800280148009,-0.072698998032501003,-0.047961246914036998,0.80282855316676804
1335706601240481,-269.97489655461271,-374.51552871700591,13.34039507385649,-0.072642858585108994,-0.047322013811937999,0.80280848333898303
1335706602033882,-269.11603309163797,-373.72741482321317,13.284498784958309,-0.084362438009210006,0.0098791405402519992,0.71230351623589705
1335706602040628,-269.10903317946264,-373.72114400659922,13.284019153711995,-0.085049938258898006,0.0085450854437849992,0.71241236051724299
1335706602830166,-268.18277823068729,-373.06416029288164,13.248776193320854,-0.058354736846828001,0.088284216142986996,0.50149342208889403
1335706602838881,-268.17140579451609,-373.05787515481705,13.248642861823878,-0.058535928056814998,0.089357045237388993,0.50145102100718497
1335706603630334,-267.30391730298209,-372.71341657806749,13.246502019654997,-0.072504237075978001,0.056660366822512999,0.23946996849778199
1335706603640150,-267.29553412329295,-372.71143890232963,13.246565302963987,-0.071271007189142005,0.054471696311124002,0.235682247829611
1335706604433622,-266.66814002097811,-372.6229061996948,13.255026974899085,-0.061210576021477003,-0.096771445672604997,0.107320281989953
1335706604440244,-266.66172896965037,-372.62236844464582,13.255133891800597,-0.061524913797644999,-0.097439964557713005,0.10613889460628401
1335706605238337,-265.7262666932171,-372.59158366446843,13.272744414563331,-0.066993321378918003,-0.089885106622777003,0.044070425619435999
1335706605240664,-265.72317977909915,-372.59151567105783,13.272799658451788,-0.066948690459186,-0.089835445855287993,0.044075149094645001
1335706606030165,-264.53058741239852,-372.58835004106919,13.293063893018086,-0.070678193320546007,-0.025718104385103,-0.0038504340550609998
1335706606040988,-264.51304346108066,-372.58866140702867,13.29334604193626,-0.073067900964012999,-0.024546604309675001,-0.0042580144314010001
1335706606834300,-263.30727385275395,-372.66472824120444,13.31660320327628,-0.065757383416236007,-0.0051131436048279999,-0.10195834617158001
1335706606840668,-263.2974272112906,-372.66584141521344,13.316844758712531,-0.065296934550459998,-0.0048591424501059997,-0.10197691548648601
1335706607630167,-262.17667882148635,-372.74727339580068,13.341769793359152,-0.095339468601284005,-0.012676424504988,-0.027200940320241
1335706607638935,-262.16458523242858,-372.74769505842039,13.342014291559092,-0.096207337567700002,-0.012980368039145001,-0.027266845705640998
1335706608430170,-261.12260634329112,-372.74538358279455,13.36112146939977,-0.070601107194284002,-0.033673788825316998,0.046063470410522001
1335706608439573,-261.11020410944161,-372.74488289952382,13.361325521770855,-0.070211792360799996,-0.034051715663056002,0.047470317134511997
1335706609230344,-260.04548878742503,-372.7118593969231,13.380464604308287,-0.090298728884080998,-0.048783252765181001,-0.00099333325579299995
1335706609240870,-260.03147166905103,-372.71197334651345,13.380766284148415,-0.088867343459870005,-0.049397889330735002,-0.002814676293464
1335706610037650,-258.91543763098383,-372.73872581226402,13.406889773444865,-0.082938114001446003,-0.036231993996700997,-0.0047564936517150002
1335706610040542,-258.915437630984,-372.73872581226391,13.406889773444851,-0.082938114001446003,-0.036231993996700997,-0.0047564936517150002
1335706610830162,-257.76980999251396,-372.7280064271032,13.427625669974773,-0.087385463388278004,-0.024594070123689998,0.020641641552962001
1335706610840676,-257.75381639429776,-372.72776025618566,13.427884321251039,-0.083265264268335998,-0.024785243129086001,0.019037798765533
1335706611630161,-256.59993906646912,-372.71706397574098,13.445210137765184,-0.084259749674842996,-0.026458271711331999,-0.0092068407850860005
1335706611640202,-256.58481992576907,-372.71729317394011,13.445437332978965,-0.085376154591465997,-0.026055798615941001,-0.010684104093232999
1335706612430310,-255.47204022518656,-372.76865042847498,13.462673954651443,-0.070498188842097007,0.0079727301520190006,-0.028924318029414999
1335706612440196,-255.46208586701709,-372.76897875983701,13.462804768635724,-0.069892775995831005,0.0056736009642299997,-0.027025944795637
1335706613230354,-254.53634462585546,-372.80222856103001,13.473978679778824,-0.093434578997270007,-0.049771793659560998,-0.041332778356197003
1335706613240249,-254.52368073018744,-372.80285301879178,13.474126259543771,-0.093141788196266007,-0.049549887623049002,-0.041338417527779003
1335706614030638,-253.50448492942456,-372.85090993875224,13.488663200809887,-0.076194666353068999,-0.063892448434269,0.0047409720215989999
1335706614039400,-253.49165434241388,-372.85107666680528,13.488856265855208,-0.076123002744061002,-0.063335385688024007,0.0069725823225090001
1335706614830165,-252.31618334989287,-372.81492651925868,13.502636311872218,-0.089437209270895004,-0.030925320570792999,0.071826622773081994
1335706614842194,-252.2986141028517,-372.81380123112228,13.502795254901514,-0.089014649895586995,-0.031175365741570999,0.071758690958554999
1335706615636396,-251.10006922567482,-372.75095734131196,13.51373939624883,-0.094999685317685004,-0.0064396430356629996,0.044654220862979002
1335706615641036,-251.0935619845819,-372.75067420112578,13.513798319120109,-0.095338951875180003,-0.0066742305512260004,0.044816690540961997
1335706616436124,-249.94513175860504,-372.73942457642124,13.525912674906884,-0.082578491597031997,-0.0052043080668910001,-0.040544152873880003
1335706616440446,-249.93890907604185,-372.73966140085128,13.525993118055741,-0.082453365185898006,-0.0052080062091440001,-0.040525622164011003
1335706617230408,-248.86451749527532,-372.74656311974826,13.539538236865136,-0.090501974611090996,-0.013549754811254,0.01698169057108
1335706617240627,-248.85040222939213,-372.74647209438126,13.539795785383038,-0.091239652985338995,-0.013647244666678,0.016975344745003999
1335706618030340,-247.77496956779854,-372.74179742792273,13.558792617244279,-0.078338349018008999,-0.032767728502404003,0.019202515259731
1335706618040802,-247.76025327491155,-372.74170661159076,13.559040432747897,-0.077973066162753998,-0.032753508839524999,0.018727810758581001
1335706618830409,-246.6369834353186,-372.7492467141621,13.577990219872968,-0.083294748624122006,-0.027315392478462,0.004955502226172
1335706618840258,-246.62275006362705,-372.74938038574464,13.578221864326334,-0.083357258113737995,-0.027213788774765001,0.0049365951518080004
1335706619630542,-245.46768496773345,-372.75510854747898,13.595818260782554,-0.081120064767591996,-0.0059914642654280001,-0.002085108293629
1335706619640389,-245.45374481800599,-372.75534153791443,13.596029470705354,-0.081905148387235005,-0.0066744752382310001,-0.0021786056846460002
1335706620436050,-244.33770404566047,-372.78571696438939,13.612766544315894,-0.081509229103833999,-0.010767444613861,-0.020149588296357001
1335706620440608,-244.33127547464289,-372.7859537580643,13.612861591323224,-0.081463563263053998,-0.01068197203004,-0.020160183443918001
1335706621230343,-243.28107914343582,-372.8247791189126,13.634100518575268,-0.095318876354020005,-0.026776835656468,0.0038376484392729998
1335706621240172,-243.26788529831666,-372.82526883635347,13.634373851693601,-0.095801208043909999,-0.026860673190801002,0.003874845571842
1335706622230357,-241.9009304047151,-372.90652856176962,13.661182184489974,-0.103056826871653,-0.024142692740618001,-0.019546187782320999
1335706622240812,-241.88578677988426,-372.9073735188606,13.661439760959095,-0.102518037446117,-0.023550300854620999,-0.019543970560554999
1335706623032353,-240.77902193419919,-372.97705892216391,13.678593500240883,-0.10046737682876,0.0010460367449590001,-0.0026529324174050001
1335706623040858,-240.76953315806193,-372.97736954529137,13.678705388879969,-0.101016356758359,-0.00045482711629099998,-0.00042363858062299998
1335706623830383,-239.76503908807851,-372.98070827725559,13.687031282403677,-0.099530016591837994,-0.01785567589407,0.030345054653260001
1335706623840221,-239.75177275976839,-372.98066038142531,13.687112290318957,-0.097490096685561994,-0.017814232054709001,0.030123719801279002
1335706624637576,-238.70583923261486,-372.94372680679805,13.695983744770722,-0.106654239108979,-0.018955794507823,0.085580380661563996
1335706624640148,-238.70221639179195,-372.94345384596335,13.696063749417821,-0.10689208417287301,-0.018812271813242,0.085508985853090996
1335706625430657,-237.59432950951083,-372.87442382287088,13.717705294813513,-0.096034640681535,-0.018030566698225,0.061915378886522002
1335706625440281,-237.58058829474012,-372.87368026551115,13.717935043190408,-0.095342005870757002,-0.017879722831566001,0.062953475039761994
1335706626230249,-236.46901382283784,-372.77744322157059,13.730507063888318,-0.12653270321655899,-0.013032010026114999,0.109537904923175
1335706626241628,-236.45317357445214,-372.77574187343276,13.730611567084502,-0.127034203378079,-0.013675742073446,0.107338043598703
1335706627037030,-235.30378678827356,-372.70490282675189,13.737887774064163,-0.086340200759319002,-0.003380602388941,0.034283512262078
1335706627040185,-235.29940858100821,-372.70475365627181,13.737909698412921,-0.086263220010380004,-0.003482466536974,0.034263625130455999
1335706627830165,-234.168897487339,-372.64623074314471,13.738680007607353,-0.10518114222553,-0.00098271109942600003,0.045027847388820999
1335706627840538,-234.1542050343688,-372.64551369661012,13.738647652736098,-0.104936725897504,-0.0011480686224509999,0.044949729256009999
1335706628630464,-233.06312713678739,-372.72778111173909,13.729629292108992,-0.081075736031058998,0.017075090353002999,-0.123369869212131
1335706628640256,-233.05011121360693,-372.72999840684588,13.729611830023686,-0.081587745309532,0.017621444759992,-0.123709143425018
1335706629431444,-232.09020345377445,-372.90011516235444,13.734439986410237,-0.102029590341763,-0.052359719735594001,-0.119345682024915
1335706629440166,-232.07862984818738,-372.9018919691627,13.734544637892579,-0.10148958514897399,-0.052358080899431003,-0.11853817240145
1335706630237675,-231.00605789502129,-372.97189528434478,13.743654321124964,-0.099703970247182999,-0.052868287470630999,0.032917546998464997
1335706630240394,-231.00213015343795,-372.97181448204407,13.743685391128963,-0.102128108966384,-0.052081606066356,0.032882448723050003
1335706631030389,-229.8181845060987,-372.90874148362582,13.75773492860068,-0.10705335615189999,-0.032430913229192997,0.034791952162125002
1335706631040393,-229.80297666180124,-372.90807989885428,13.758026335010126,-0.103417149266065,-0.032197801606235997,0.032937851640669001
1335706631838512,-228.57690799571211,-372.8901307160163,13.787470919986603,-0.124353948520006,-0.00083524743873600001,0.0025269843501409999
1335706631840147,-228.57451392007331,-372.89016316754328,13.787513209583366,-0.12444341120586901,-0.00093578711944299997,0.0015907237711639999
1335706632630228,-227.43467759021354,-372.91158954215626,13.806494320727246,-0.089034433812167996,0.002016523867126,0.027819517568103001
1335706632640565,-227.41975352211912,-372.91139470415925,13.806681270709081,-0.087982543644854999,0.0028474386414810001,0.031171354512348998
1335706633433822,-226.34127141946576,-372.84441071371947,13.814083526872686,-0.131458812400609,-0.021363721075665001,0.072608790906562998
1335706633440708,-226.33202604757338,-372.84388049826816,13.814136432652148,-0.131720365093698,-0.021900139135126,0.069479194280276005
1335706634230223,-225.25253601663496,-372.79247915354114,13.819575906315155,-0.085676741499303002,-0.015984400753949999,0.075527778499797998
1335706634240580,-225.23810279162097,-372.79159897637248,13.819609535492479,-0.087607420809707001,-0.015923216229255001,0.077626557897156001
1335706635038176,-224.12654776681904,-372.71540424972767,13.819651675634113,-0.122507292496044,-0.016710742787214999,0.078259223777536996
1335706635040266,-224.12361747572527,-372.7152170601488,13.819648328155704,-0.11995093187639599,-0.016804596868015002,0.076270782994191003
1335706635830294,-223.01540207930236,-372.65593026604995,13.818729695382629,-0.088128437803130996,-0.021758499349751,0.031653023407868998
1335706635840297,-223.00113352478729,-372.65555532697073,13.818750182808255,-0.089087255446685998,-0.021872022017078,0.031640543657228001
1335706636630694,-221.88443383990767,-372.7029001513107,13.826894051529926,-0.089404131288780997,-0.032041904326395997,-0.090865241808694
1335706636640387,-221.87073997488855,-372.70427374821463,13.827059763078488,-0.085195941983195994,-0.03199252315639,-0.090695536514670994
1335706637430382,-220.76559088050939,-372.76904180843525,13.836091676887861,-0.11070439032083,-0.022656345001109999,0.0066210181675169996
1335706637441035,-220.75046918119264,-372.76906911590646,13.836137365107529,-0.11262461825273,-0.022423749026835998,0.0058428833600130004
1335706638240251,-219.62891534275445,-372.76641841379126,13.838925747611736,-0.088360669041540996,-0.023591464065249,0.025945281535539998
1335706638250605,-219.61439444543413,-372.76618036865352,13.838942208186761,-0.086612312795237997,-0.023083699315742001,0.025879593987808001
1335706639040204,-218.50009477448401,-372.73455915933982,13.839132884515536,-0.114442489885799,0.022940537924762,0.014322685517414
1335706639050572,-218.48866485856053,-372.73427670051694,13.839143979315377,-0.115091186691386,0.021443507439461999,0.013252593729682001
1335706639835134,-217.54926164840927,-372.73156614300888,13.841719165489778,-0.092956724237698005,-0.038524824643911,-0.0098841163206149999
1335706639841020,-217.54129727712692,-372.73163881076556,13.841748504359668,-0.093753161697949006,-0.037724002931670997,-0.0086723063518549994
1335706640630789,-216.4671360666423,-372.71349626285911,13.843562772477725,-0.12047557404845501,-0.025243158218651002,0.045379274379164003
1335706640640656,-216.45272391049173,-372.71284515812516,13.843557259028053,-0.119581181543439,-0.024350613836068,0.044949675252090003
1335706641440241,-215.3173417245979,-372.64497281381756,13.842130893358856,-0.095715980171236004,-0.0067633248785689999,0.066268918135745994
1335706641450810,-215.3029516215976,-372.64404964201168,13.842111556131094,-0.096553451047787994,-0.0069843779068080002,0.067268815784647995
1335706642240141,-214.17985567053998,-372.63446770143014,13.845187536782944,-0.096406576891165996,0.0042853971886489999,-0.037103242492515003
1335706642246921,-214.17076440919425,-372.63490007205155,13.845248437807975,-0.095185112430657998,0.0040280688200120002,-0.039478118840228997
1335706643040152,-213.11878418689355,-372.67229960054982,13.841530928563213,-0.074237480195758002,-0.0070406272156829999,0.009942240579745
1335706643050178,-213.1053996461267,-372.67233890456674,13.841361869901913,-0.077789640243846006,-0.0079237869569269998,0.011891259480811
1335706643840128,-212.0407836802093,-372.70185850325629,13.833816962075765,-0.094325675102503004,-0.022428505069527999,-0.058044681650127002
1335706643845584,-212.03324910898277,-372.70233821249906,13.833808446858782,-0.094059550011749996,-0.022541661783948001,-0.059803987927276002
1335706644640146,-210.90859809346358,-372.75185362981779,13.835769938797043,-0.074448087631574997,-0.017183313698075998,-0.0075046751187329997
1335706644650290,-210.89355238015429,-372.75186979409386,13.835823063050825,-0.075476087871878997,-0.016898314507550999,-0.0072456996697099997
1335706645440155,-209.73853040819472,-372.76731979698417,13.845364149775543,-0.054925673931160997,-0.015614127731007,-0.037595922158019997
1335706645450154,-209.7237722738457,-372.76763092406406,13.845550912765813,-0.054250992625243001,-0.015589123150654,-0.034985764310908003
1335706646240465,-208.58108997718173,-372.77165079048842,13.863641694740604,-0.089177659384752,-0.016436441062938002,-0.028313380243573001
1335706646250043,-208.58108997718168,-372.77165079048848,13.8636416947406,-0.089177659384752,-0.016436441062938002,-0.028313380243573001
1335706647040157,-207.48311174926772,-372.84786084886093,13.895482144452462,-0.072476840041310997,-0.016324525606837999,-0.032074668318581002
1335706647044017,-207.47760185703538,-372.84815491005963,13.895631457350495,-0.072731793577612003,-0.016265512379561,-0.031075536995446001
1335706647840271,-206.32226007378435,-372.93616057657198,13.926398643802273,-0.085724217638381006,-0.0011637877999350001,-0.066929158875088005
1335706647844424,-206.31619266361344,-372.93655765772121,13.9265495873549,-0.085280663580262997,-0.001075460673854,-0.065363033529171999
1335706648640711,-205.18454490942054,-372.9174154652278,13.94977497248102,-0.108958626510869,-0.0086692251649960004,0.040031093713885003
1335706648649512,-205.17250063885189,-372.91665634060485,13.949986631604355,-0.110422012454304,-0.0091004793786089999,0.040131682194985002
1335706649440157,-204.07316874510701,-372.83892222645477,13.967697313863081,-0.056708434618582,-0.023717466115093001,0.019114527659671001
1335706649450543,-204.05865972853746,-372.83803043704023,13.967918853024138,-0.055378584491222002,-0.023864793934618,0.019221040906839001
1335706650240170,-203.01322338633125,-372.80713001434646,13.982217544990757,-0.11273413629212201,-0.028064458147820999,0.022337916729389
1335706650252059,-202.99755756005021,-372.80715847097372,13.982362392355185,-0.11345238442524901,-0.027961266263240001,0.016769969246886
1335706651040339,-201.95066377002536,-372.77394250423401,13.983785907765977,-0.061483297694674997,-0.017425587504582001,0.087114636596639997
1335706651050304,-201.93716587722511,-372.77271874446939,13.983680747529714,-0.061684955991179,-0.017216096524664,0.087011675098351005
1335706651840404,-200.81233750059553,-372.70001652576804,13.969149083839586,-0.107330630497649,-0.0091523500809009995,-0.019797012931392001
1335706651842146,-200.80986276378215,-372.70002082305518,13.969111508482619,-0.107260093981946,-0.0091380199695910002,-0.019814293906696999
1335706652640177,-199.65403473380414,-372.79097906099935,13.95128822436924,-0.063651636596183003,0.055842721917170997,-0.22137122858090499
1335706652641510,-199.65225320271469,-372.79130826420271,13.951265102109044,-0.063882743871023995,0.055978070424187003,-0.221393324942465
1335706653440199,-198.77626484054346,-373.08149878216193,13.946760893937302,-0.099790536919209999,0.076262389677222001,-0.52488010332089796
1335706653451654,-198.76782688233499,-373.0857738334978,13.946809461719631,-0.095767950203862001,0.073996982850537005,-0.52930101897418202
1335706654240429,-198.40239098127006,-373.32809554469645,13.95698187257296,-0.070284692938213003,-0.060916865876775,-0.76096264504119804
1335706654243035,-198.40154576921654,-373.32883899880801,13.957025818836396,-0.070428331617705994,-0.06152546644444,-0.763105208957925
1335706655040588,-198.08744314193996,-373.68230811998751,13.980828877605141,-0.056911818565340999,-0.13967224221535601,-0.95548970934246902
1335706655048685,-198.08195711084471,-373.68966690662711,13.981366398491421,-0.056128640641393002,-0.13767586816413299,-0.95685658288759701
1335706655840661,-197.63753647700293,-374.39025958905353,14.037158447104233,-0.055429623514318002,-0.120547789161738,-1.14465576945289
1335706655842127,-197.6367348425062,-374.39193837595576,14.037302883597377,-0.055463469921630003,-0.120204510720106,-1.144672729828635
1335706656641051,-197.26337320118165,-375.42118247873032,14.132086987930379,-0.041025811364243998,-0.069295248367651996,-1.2667361481236969
1335706656647417,-197.26203256374515,-375.4251839037687,14.132474096843936,-0.041296488541436999,-0.072219890926900995,-1.26608852949166
1335706657433839,-196.967269128655,-376.23586318012906,14.213380042072444,-0.029218329299299,-0.065660325833200001,-1.263085013474359
1335706657441693,-196.96382236718085,-376.24595971023916,14.21442106188421,-0.028530486940231001,-0.064394061376566003,-1.265184308207514
1335706658240661,-196.71269019129184,-377.22504807844535,14.318953453794926,-0.014115274136075001,-0.021008538245169,-1.4344966597497331
1335706658243018,-196.71218558825012,-377.22825196503743,14.319306179307013,-0.013895262739109999,-0.020558440984839998,-1.4345013203766479
1335706659030188,-196.61834859728037,-377.94891689117878,14.375317839995237,-0.011941989297787999,-0.150881513836265,-1.477395311165117
1335706659041464,-196.61730939841766,-377.95832760396684,14.375528747984582,-0.012481173879528001,-0.154430477257541,-1.477369756495591
1335706659840289,-196.54698435237549,-378.86654650883929,14.391545495883518,0.001276112224098,-0.13718211711329101,-1.549968680184735
1335706659846339,-196.54671708747057,-378.87395183513172,14.39164012516801,0.0014669300247,-0.13720210287443599,-1.5509954400751551
1335706660640425,-196.54844820594792,-380.00297010443319,14.39862092825569,-0.0075440345657139998,-0.097346060619500005,-1.587010424493245
1335706660650527,-196.54852875206365,-380.01933234192859,14.398607083312969,-0.0071973860957219998,-0.095806118455351003,-1.5867538854026231
1335706661440622,-196.52719844446895,-381.25498296377594,14.387618734273417,-0.038469200018252998,-0.047705518670259003,-1.530734167164715
1335706661442112,-196.52708057524322,-381.25734894820675,14.387578506154405,-0.039552949594233999,-0.047152261412187001,-1.53074097261764
1335706662240929,-196.47708725759645,-382.43574718695572,14.358192715340513,-0.0088866965134530001,-0.012185712097275,-1.5574721916015359
1335706662245551,-196.4769789122447,-382.44189053454426,14.357989376987293,-0.0087754630899369995,-0.012310662960795001,-1.5574606986997881
1335706663040499,-196.5720838548695,-383.53875963081919,14.369051910202653,-0.023334942570273,-0.032846368386881,-1.6039053007532
1335706663050356,-196.57347676320052,-383.55231427342704,14.369389739091284,-0.022923404657323,-0.033236773399386001,-1.6038301595787321
1335706663840466,-196.63028072807927,-384.62642596743603,14.398485710699976,-0.0084622536628049996,-0.052810782853101999,-1.5396029166959719
1335706663845679,-196.63027972732766,-384.63369377311676,14.398700748712928,-0.0088700695197790006,-0.052853436443982001,-1.539108930651321
1335706664640317,-196.6178035743304,-385.77417714474404,14.43482150268097,0.0070610558043219997,-0.048700021984729003,-1.5794347912116271
1335706664647921,-196.61773376591049,-385.78573079572129,14.435205512055887,0.0080916241482790006,-0.048377996845960003,-1.5805730129395941
1335706665440752,-196.55988661425516,-387.00135750967365,14.479129180589343,-0.0059745783732729997,-0.013514514299482999,-1.5091081613388091
1335706665450147,-196.55806991143959,-387.0157102901843,14.479713307163784,-0.0080943206065699994,-0.013247692845659,-1.5096380545616559
1335706666239951,-196.3705535365749,-388.16107505651621,14.5190349520211,0.040576777363128001,0.032540868135287997,-1.36724332418828
1335706666250356,-196.36795938654214,-388.17631511077911,14.519140753947744,0.041110451284067998,0.032667619025403001,-1.361461592843344
1335706667040294,-196.05919725524666,-389.08640717063611,14.536430658328472,-0.016451813611815001,0.050724558195480003,-1.0751851839573809
1335706667044716,-196.05713370499129,-389.09033261475321,14.536552481583765,-0.016178577810804999,0.050903316187551,-1.0751874930281851
1335706667840751,-195.75753779554421,-389.51681731017663,14.553357620760714,-0.0080805502834060006,-0.13075258329165501,-0.802009828170959
1335706667848755,-195.75538436300494,-389.51899175952087,14.553469273400456,-0.0090279921565160001,-0.13406087856240001,-0.80205130484256604
1335706668640258,-195.24012348480264,-389.91531611254698,14.578463414616005,-0.032784862866739997,-0.17016336959484901,-0.60845616292903204
1335706668650217,-195.23000968996166,-389.92190980860573,14.578936857232055,-0.029894726735250999,-0.16834485874025301,-0.60589509759898397
1335706669440412,-194.22173330974852,-390.36589764750687,14.620557737433289,-0.040779678573277002,-0.105119153368959,-0.35781075859832701
1335706669445805,-194.21420026402913,-390.36819239175014,14.620832768641677,-0.041093215349129998,-0.10521419389308399,-0.35918607148770298
1335706670240317,-192.92384584583019,-390.66449484572354,14.661632953000559,0.00012231900789600001,-0.000828336487082,-0.27055291673149001
1335706670250571,-192.90709937972446,-390.6674015728421,14.662082813335163,0.0020412515572209998,-0.001213784661054,-0.26498435168642798
1335706671040207,-191.68047530990458,-390.90578724854191,14.699277037890168,-0.079792665992988995,0.13528715954044701,-0.24346404329141899
1335706671045214,-191.67199205368118,-390.90756736335379,14.699531369516226,-0.080620415983255006,0.13734874423084101,-0.244315918764197
1335706671840227,-190.99999021755914,-391.03503061623474,14.71823171974277,-0.029500675910182,-0.094750537787779004,-0.18537906771978799
1335706671842985,-190.99746198086541,-391.03544480214617,14.718296211613175,-0.029357883373687998,-0.095239080497125997,-0.18322163201058
1335706672640687,-190.14025350873715,-391.1618289073636,14.738162361323006,-0.062302972114198003,-0.10383143986402001,-0.13748423039510499
1335706672649259,-190.13047508255454,-391.1630518687071,14.738364233885045,-0.062433838345485,-0.104773005866062,-0.13766444358670499
1335706673439948,-189.00204490564013,-391.32327955649549,14.759699797471294,-0.051047184608883002,-0.045896959424022998,-0.171954877538743
1335706673448410,-188.98844294201308,-391.32564355762628,14.759939762059682,-0.052147531158182998,-0.045511106100924001,-0.17323660415273501
1335706674241442,-187.75177656800383,-391.65627707713207,14.78242409134414,-0.034771121452925997,0.011993135155142,-0.33961305706545503
1335706674250204,-187.75177656800383,-391.65627707713224,14.782424091344154,-0.034771121452925997,0.011993135155142,-0.33961305706545503
1335706675040491,-186.69168939091912,-392.13116713618723,14.780951258544873,-0.014986130768519,0.032251594697507997,-0.54636291202738496
1335706675043618,-186.68853046043719,-392.13300739173701,14.780960946926918,-0.015119890750204999,0.031887760303527003,-0.54636781191457195
1335706675841107,-185.97711055062069,-392.64522900936117,14.78619756689006,-0.016608626620533001,-0.053493142035935998,-0.71671945728091002
1335706675845492,-185.97322135987673,-392.64850212296585,14.786241407666921,-0.016632131584193001,-0.053659903113018999,-0.71673671147450402
1335706676640746,-185.22379641385746,-393.27229642293366,14.794998173722698,-0.024316447143398,-0.085667102426007002,-0.71182986712549701
1335706676647380,-185.21675219045014,-393.27817099886136,14.795085523855123,-0.024234417795115999,-0.085527974911107002,-0.71187386576612399
1335706677440663,-184.37842067636407,-394.08781887863159,14.809362908508966,-0.023505053643380999,-0.039961704995234,-0.87750308961774803
1335706677444313,-184.37485633413741,-394.09195281928828,14.809447355732971,-0.023828622213563001,-0.039775768018686,-0.88029774378659797
1335706678240374,-183.76291662877404,-395.03402464654391,14.817918015088836,-0.024074652969026999,-0.013270250600666,-1.153227569500574
1335706678245008,-183.76029039546768,-395.03982723571988,14.817732459199778,-0.023995805035809,-0.012958020574226001,-1.153228687522851
1335706679040695,-183.48342942325959,-395.91222266027467,14.793553826970946,-0.002671512498233,-0.019098824021938,-1.402856377680253
1335706679042913,-183.48310369013575,-395.91411357383521,14.793508448794718,-0.002658450513506,-0.019336395853603,-1.402849940866715
1335706679840174,-183.45234956091397,-396.55602624784768,14.779302104099902,-0.019580193315232999,-0.14084720301338799,-1.6464021324541931
1335706679845417,-183.45276487826436,-396.56124122998108,14.779193336191202,-0.019642992845591001,-0.140900651755033,-1.6511876094250939
1335706680640435,-183.62671753477329,-397.39326844648804,14.761449952505291,0.016905827370930999,-0.14545389950656401,-1.894932660434707
1335706680650268,-183.63067888096543,-397.40474905340972,14.761190986545731,0.017173513611060998,-0.145157651312394,-1.8949233509082599
1335706681440142,-184.06643304216536,-398.33198563845986,14.737360629938166,0.0021085445981640001,-0.055295878931270998,-2.1038238333635002
1335706681450442,-184.07415341900781,-398.3447313867847,14.736981983912036,0.00096544681817499998,-0.053132498863625997,-2.1072110236351902
1335706682240159,-184.71907986787065,-399.11134358548736,14.708529950719456,0.015339216266656,-0.054190277476572998,-2.3984178549282378
1335706682245727,-184.72407335396818,-399.11576952262033,14.708317757746094,0.015647678787582001,-0.054529681452041998,-2.3984116966700939
1335706683040173,-185.40805263644378,-399.66663241544182,14.67829939765886,0.025227206295185,-0.104141512371404,-2.505121276828544
1335706683050260,-185.41721287533707,-399.67368519492857,14.677908618551157,0.025457808868951999,-0.104656726733324,-2.507056486045665
1335706683840589,-186.18861133480584,-400.18256529332359,14.642423614680744,0.025478358495740001,-0.12426749720370101,-2.6492224914987892
1335706683845628,-186.19321077496764,-400.18513019859711,14.642197849689135,0.025491709830746001,-0.12520055815221101,-2.6491960647352322
1335706684640687,-187.08965264526324,-400.65057010804367,14.594086612549688,0.040437822305757001,-0.10714085352559299,-2.6913887368811391
1335706684648810,-187.09966442624892,-400.65556604777453,14.593500541289835,0.040727121845904997,-0.106761907424095,-2.691323716798121
1335706685440147,-188.09203146296301,-401.15352704126411,14.529513268480544,0.030041427969101999,-0.10231216139234101,-2.685435781704423
1335706685450654,-188.10621384146606,-401.16065783152482,14.528513920433047,0.029420303625560001,-0.10124229047883999,-2.6854176884847618
1335706686240348,-189.13550940703368,-401.67101563562994,14.449740229985807,0.034171693425681,-0.088711888894039997,-2.6873793981470508
1335706686243480,-189.1394299608674,-401.6729601532852,14.44941550145349,0.034217838875011002,-0.088780808229164995,-2.687353406445995
1335706687040221,-190.16910397931116,-402.15300825974765,14.376933729202724,0.028978182028090001,-0.074214428673432004,-2.6990312167087458
1335706687050420,-190.18184563114696,-402.15845351457682,14.376234709219768,0.030025868301267002,-0.075658485034306999,-2.6989618633201542
1335706687840586,-191.20965401244644,-402.5725113752124,14.320893598384057,0.01173135029411,-0.065799697135522001,-2.7930926928373792
1335706687845290,-191.21627748873669,-402.57464697211219,14.320551943254637,0.011683448655294,-0.065262769447759994,-2.797368947747521
1335706688640244,-192.19477101645904,-402.80299758688648,14.271994550964365,0.012606018348261999,-0.115757555283869,-2.9322875020267039
1335706688650038,-192.20602964916813,-402.80497384991725,14.271448877420218,0.012258504568946,-0.11715686767106299,-2.9323605391602099
1335706689430795,-193.25155831159907,-402.99338957387988,14.22076956312754,0.0084055263728469998,-0.084201172579215,-2.8859510618865638
1335706689445503,-193.27308030179097,-402.99822843286648,14.219711897662648,0.010084214322410001,-0.083414677735518,-2.8825907916349971
1335706690240387,-194.44671057406862,-403.36989656953745,14.160217087656688,-0.0040690238011380003,-0.053056355894708002,-2.7401821929432679
1335706690244672,-194.45278028636113,-403.37225273533636,14.159902172191721,-0.00369541301236,-0.053034665781582002,-2.739895483140776
1335706691040421,-195.45651768269798,-403.91838831502105,14.109788778344962,0.001385133835969,-0.056684269368545002,-2.5961743401520421
1335706691049592,-195.46706493474454,-403.92533005065769,14.109131828645095,0.00045838139742400001,-0.056822296110281001,-2.596222281375014
1335706691840891,-196.31539258160737,-404.49100690677847,14.044419999258423,0.0071077930091499996,-0.093884050423665003,-2.5591715121899639
1335706691850183,-196.32471406393518,-404.49751786114507,14.043573659618671,0.0067554048701659996,-0.094260714450805,-2.556917898110481
1335706692640526,-197.09513944451325,-405.14513177620034,13.95847256023419,-0.0011504087736189999,-0.058431265696982003,-2.3684498173511792
1335706692649869,-197.10321427887089,-405.15345841557263,13.957381709054966,-0.00060408476620400005,-0.057604125262256001,-2.3685295336892551
1335706693434596,-197.6201134162803,-405.85648568299609,13.868248850804861,0.0062538328235459996,-0.053884863860382,-2.0992081232022222
1335706693450174,-197.62726173096181,-405.86989855144645,13.866584812857202,0.006833348667728,-0.054630845106657999,-2.0944598636991651
