1339761399417250,-198.1228895947018,-406.12554942807702,13.77388492427013,-0.062210102476857002,0.066408503839204006,0.99376210252512798
1339761399420157,-198.12062743905841,-406.12176079529155,13.774170325129042,-0.062404062404864999,0.066537048145352995,0.99285124195365004
1339761400216074,-197.4376771129736,-405.1287034773639,13.844486391851527,-0.065537515916919004,0.109951305709742,0.90148047005384702
1339761400221728,-197.43273153077013,-405.12214694398392,13.844905905729743,-0.065504965286376005,0.109972344956769,0.90145992669255404
1339761401014830,-196.70016997435238,-404.25333006453059,13.896153427264217,-0.080618289773356999,0.115704109056776,0.77933095233062499
1339761401020149,-196.69462281717472,-404.24771097355932,13.896471908620823,-0.080305444726621003,0.116279014063285,0.77928507123081303
1339761401810350,-195.90007424996386,-403.61199190035154,13.954869918856188,-0.048822236094667001,0.087951592492618996,0.55516503660746597
1339761401819483,-195.89164152979771,-403.606678769236,13.955533839084186,-0.048394041712059001,0.086798493405989996,0.55522164653835904
1339761402616545,-195.08055715108753,-403.20190812771938,14.01867702506498,-0.057493250278536003,0.041341976972978998,0.36456385099723598
1339761402620413,-195.07651109223133,-403.20032955519639,14.01898890818028,-0.057493520537938998,0.040449288003611,0.36244635397050901
1339761403410577,-194.16769691151643,-402.89936768989014,14.087870275502448,-0.034552197103205999,-0.0056395400049089996,0.290471839041682
1339761403420256,-194.15409941772714,-402.89526879980076,14.088877320480226,-0.034644382030389997,-0.0048446320705909998,0.29105677133635699
1339761404214935,-193.0383710521005,-402.56978637749944,14.168376226069514,-0.061802074785183,-0.0071934217014859997,0.28388666186533601
1339761404219349,-193.03213949117773,-402.56799532548052,14.168801433744072,-0.061546560561414998,-0.0072181408830570004,0.28388623016121001
1339761405012386,-191.88803235899644,-402.17524624747784,14.242869094715621,-0.045836597581888003,0.034050580540145002,0.36659082545197902
1339761405021105,-191.87483656416728,-402.17031747899227,14.243680603169643,-0.046434558603323003,0.034462794919253997,0.36797964812039802
1339761405814769,-190.71139496786066,-401.73674962278909,14.316052026994152,-0.067422473111871994,0.081622353014359994,0.33694942649345899
1339761405820033,-190.7036395687783,-401.73404695800122,14.316553597764702,-0.065074500185544004,0.081778639763794,0.33696873770196401
1339761406610562,-189.53308322617835,-401.43511768505385,14.396061222714506,-0.032796572311301002,0.16157706867036001,0.16175673486296399
1339761406618532,-189.52401038239327,-401.4336692047853,14.396709708051874,-0.033134568711228003,0.16123297468624201,0.161792089293606
1339761407416400,-188.65504907545244,-401.2907595370412,14.460564119432458,-0.046480234935386999,0.061773102184718001,0.201781480258202
1339761407420299,-188.64996544939294,-401.28972116361047,14.460945693935994,-0.046113206133845001,0.063796289436352002,0.203882314532943
1339761408210499,-187.79468420234528,-401.05944748580441,14.52629127808992,-0.064081820490362998,-0.0031564154060449998,0.31460372044354101
1339761408217970,-187.78704637600248,-401.05689553876493,14.526886009193129,-0.064313144932715005,-0.0044894240157619999,0.31616572307588497
1339761409009917,-186.81992017430809,-400.6734831880853,14.604174656670002,-0.069984415273660006,0.035152862041051003,0.39357822736401399
1339761409021724,-186.81992017430809,-400.67348318808541,14.604174656670002,-0.069984415273660006,0.035152862041051003,0.39357822736401399
1339761409814910,-185.76676217756105,-400.18611967134819,14.668828833178425,-0.060474477509634,0.073299717044078005,0.50801638772966295
1339761409820041,-185.75970480237018,-400.18224129667885,14.669187667401534,-0.058586689510787,0.074046540563963995,0.50802678382924804
1339761410614313,-184.83656646655891,-399.58120228451656,14.70800557265418,-0.034979179751698002,0.053134434719771001,0.62440923768414303
1339761410620148,-184.83023976047809,-399.57662664501646,14.708214499895961,-0.035313180098897001,0.052930057255527997,0.62443538721893599
1339761411410329,-184.00212033527089,-398.9141942948861,14.728607022510069,-0.01445261882506,0.084677686223083998,0.75493580242917602
1339761411419863,-183.9932956300143,-398.90567075700648,14.728756118770368,-0.01401481294903,0.084846085406959995,0.75767177608334502
1339761412210352,-183.45026650326096,-398.20017655324153,14.736368877987841,-0.017284669796283,0.10895815890440499,1.04980713594812
1339761412219251,-183.44592014835484,-398.19191338245616,14.736430515286532,-0.017999968321181999,0.109387295930253,1.049845676282138
1339761413014716,-183.23844265725714,-397.58017402873918,14.741535586399229,-0.028145528220275998,0.055588253777270002,1.342998240886226
1339761413021736,-183.23750261929533,-397.57451783662276,14.741594376465978,-0.027950236543107,0.055869313530583997,1.3430236123576611
1339761413810115,-183.1290329482687,-396.95519555543791,14.727910284216803,-0.01390253202771,-0.075704036943922998,1.4752205560580891
1339761413819604,-183.12760590704099,-396.94492831060796,14.727643449513845,-0.013676322121118,-0.076085750227678994,1.475293480615139
1339761414614399,-183.10377992019053,-395.81188615673665,14.711694015292686,0.0066551646602169999,0.067866988667781,1.683280135288495
1339761414620638,-183.1046848219182,-395.80255242344288,14.711658387518749,0.0061866579575159996,0.066788115556302999,1.6873096667461049
1339761415410244,-183.38908702426031,-394.70829752917484,14.717672840025067,-0.012870967210758,0.17917588064996701,1.979709297120037
1339761415418996,-183.39357453047234,-394.69799979017569,14.717826675870716,-0.012643478544046001,0.18030854115761699,1.9798111258045561
1339761416210405,-183.76153954433624,-394.0885221723679,14.732018899996998,0.019792248657913999,0.12624616922354001,2.2468960087777732
1339761416217482,-183.76469749705791,-394.08467191207689,14.732151774115103,0.019461699807123999,0.12612828963952499,2.246923223074913
1339761417010905,-183.99331442713074,-393.8664867172925,14.742507356296009,-0.0072756919026119998,-0.031373872161313002,2.5210384544780311
1339761417021727,-183.99677412797399,-393.86410328571742,14.742678297535381,-0.0064978130167340003,-0.032425280917431999,2.5246872473713302
1339761417815402,-184.44409536097371,-393.65762093967771,14.768304936304396,-0.0061633706351170003,-0.066403078082231004,2.834949892614202
1339761417819875,-184.44774589042513,-393.65653085930506,14.768544149839393,-0.0069543987563119997,-0.065398504489878995,2.8350165437175558
1339761418614494,-185.24025291273821,-393.54356830038932,14.825473177403051,0.00097055638655199996,-0.064624113300114999,3.0836642744856961
1339761418619956,-185.24711233429605,-393.54358504722489,14.825874171471611,0.001111858528791,-0.064296417993471994,3.0836096783465932
1339761419416679,-186.32765523253687,-393.57304014377979,14.877354465523821,0.0029337330740529998,-0.055679803811478003,-3.1220664969532872
1339761419420621,-186.33381576820241,-393.57332225290696,14.877578909056737,0.0021855894300549998,-0.054383563057425997,-3.120756277831533
1339761420210103,-187.57494259080198,-393.66559378068683,14.906658018531342,0.017378247451834999,0.0069188894963279996,-3.0360524311618158
1339761420217087,-187.58517690695356,-393.66653360697995,14.906755544996091,0.017603822089046001,0.0067871137413990004,-3.0343390665019538
1339761421015074,-188.74029996420521,-393.75589891294044,14.900371546455556,0.003118423033436,0.025586264459999002,-3.0666478733626761
1339761421020162,-188.74727274325591,-393.75605684578727,14.900213107041001,0.0033394353831549999,0.025670249897503002,-3.0667188685238989
1339761421810680,-189.74382044686169,-393.74537815259566,14.862897730999475,0.014516554438647,-0.019133135705662,-3.0997359752488491
1339761421819921,-189.7557977397893,-393.74485159139903,14.862269066659977,0.012851702951919,-0.018947150979085,-3.0998586777682142
1339761422609901,-190.76648182041893,-393.72123297453453,14.849832832523795,0.014612399840059,-0.036120129902473,3.1242616978065429
1339761422620362,-190.78027505841126,-393.72094313212511,14.849829859661392,0.016500434272165,-0.035706088735263999,3.124307534717913
1339761423410195,-191.88103344904746,-393.73886830867821,14.848685462724571,0.010729029955769,-0.019912592803156999,-3.0695448636879812
1339761423417224,-191.89067835129285,-393.73956765550014,14.848675067917705,0.010285226010754,-0.020021691825619001,-3.069531160625548
1339761424214079,-193.02025642333999,-393.85958694159632,14.846027835642817,0.027698074428393001,0.000341913456623,-3.0519478295050271
1339761424220049,-193.02937751674753,-393.86042606554764,14.845975530292723,0.028036161128009999,0.0011738758865850001,-3.0530804078017302
1339761425011736,-194.10113573477778,-393.88598549217579,14.834005153480938,0.0097039709684009993,0.007616959766447,3.0895004899126541
1339761425019392,-194.10984229295616,-393.8855079921176,14.833857804146939,0.0092039327734910002,0.0066300653596040003,3.087127064295053
1339761425810349,-195.09833268131294,-393.81694400448026,14.812632317056805,0.017908143088825001,-0.011671862288552,3.0804698036441129
1339761425820304,-195.11207130270228,-393.8161643527074,14.812277786355047,0.017817816691687,-0.011622332982091,3.0804070574752709
1339761426616145,-196.22403036609589,-393.78348150209098,14.792772962064134,-0.0065489154337179997,-0.018261302462021001,-3.1273913316067068
1339761426620474,-196.23053928371553,-393.78352676907389,14.792715865635577,-0.0063085343106580004,-0.017937658560021,-3.1285103662292251
1339761427415471,-197.41449559830374,-393.73416964607009,14.789255727776959,0.024020790210895999,0.0076965558072569999,3.067578292136707
1339761427419985,-197.42139564687648,-393.73348378541982,14.789273118910351,0.023779494901044002,0.0080736933313169997,3.0679933861781792
1339761428209954,-198.52450483230831,-393.60165138971047,14.799367346293963,0.0031298740041389998,-0.013158459150394999,3.0691489972381278
1339761428220510,-198.53840582093895,-393.60010026053817,14.799606587609162,0.0053523493482660004,-0.013787853679826,3.0692455842447068
1339761429015445,-199.66450097736882,-393.48699662452088,14.828731585442862,0.042922029799198,0.054464945065308003,3.072490329136158
1339761429026118,-199.67834136678405,-393.48523233401164,14.829185513104898,0.042470353522892003,0.054764434240049002,3.07365798047153
1339761429810166,-200.49287983375291,-393.4061122572528,14.822121578888458,0.042713149937477997,-0.092223725988719002,2.9857806075068218
1339761429819860,-200.50498129018376,-393.40477182199174,14.821766139324136,0.045472835900289998,-0.090049338224490003,2.9859391522110288
1339761430610081,-201.54391645102814,-393.34371926081246,14.791462088799124,0.0034917530760239998,-0.069181184432151002,3.1044230295860888
1339761430618506,-201.55559620093408,-393.34386979070763,14.791133030442953,0.0024948490068690001,-0.069393958254529001,3.1050247623031599
1339761431410858,-202.78424481130617,-393.43868108868844,14.755977225131742,0.016262905683816001,0.0071868226299400002,-3.0526163113541558
1339761431420773,-202.79949299090867,-393.44091134401157,14.75553307608951,0.015879597291203001,0.007415603882361,-3.0506258702240938
1339761432210267,-203.96138374756021,-393.63034371441063,14.718115914277824,-0.0077099096524490002,0.032431819608484999,-3.071360329494337
1339761432219991,-203.97482014575098,-393.63210923932081,14.717612985175396,-0.0081394221965180001,0.032666673036767999,-3.0712978601254668
1339761433011744,-205.00494644160014,-393.72147495383172,14.682861314105217,0.019554161405173,0.015115435077369999,-3.1022652035988791
1339761433017641,-205.01277728478556,-393.72185004421482,14.682773685800386,0.019502374929830001,0.014979767235542001,-3.1022867886332142
1339761433815245,-206.0478094195866,-393.74156047667134,14.668902143870405,0.0050106981944149998,-0.026414912409575001,-3.134243152041321
1339761433819968,-206.05436989692939,-393.74161644658665,14.668804515618907,0.0051456878226090004,-0.026398983927076,-3.1336184191091832
1339761434609875,-207.15813077760538,-393.77966258308476,14.652677095946432,0.028407532695570999,-0.024874524869432001,-3.1021037636353141
1339761434617701,-207.16913502051483,-393.78000720005696,14.652504585692075,0.028414137921769,-0.025175825720446,-3.101902976204757
1339761435415094,-208.34672870729241,-393.76259961898791,14.629873689834779,0.032892089997555003,-0.0055824721298179999,3.1102386436316292
1339761435420441,-208.35452137773356,-393.76220465565126,14.629699132180615,0.032769559097471,-0.0056113370145449998,3.1094048551816762
1339761436210387,-209.54550872432733,-393.69056302375566,14.600774995981238,0.038181849537151001,0.014351774410508,3.1225289949301098
1339761436218458,-209.557519681879,-393.68996661848234,14.600475325418987,0.038322245221829997,0.014486565571945,3.123112173103757
1339761437014901,-210.66536044942015,-393.64261393043199,14.572927604200675,0.036746484136609997,0.013464398785173999,3.1041622087985909
1339761437020369,-210.67301156154628,-393.64250972072068,14.572762418802927,0.035995181076902,0.013891259610327999,3.1018337896359189
1339761437810159,-211.70337231077781,-393.58132705779133,14.550234885972639,0.075146546652939003,-0.012002872932155,3.0378361652031201
1339761437817429,-211.71308063822045,-393.58051856496007,14.55003301912221,0.075634152492045997,-0.012154177028146,3.0399221069137998
1339761438610216,-212.79498588644338,-393.51816835789293,14.53180651741531,0.011937081944592001,-0.010294939901941001,3.1016338142795039
1339761438620106,-212.80899476617122,-393.517896963233,14.531634329699166,0.013308622261655001,-0.010237955547370999,3.1016188050332851
1339761439410169,-213.88242432836637,-393.54399856699104,14.523386885963564,0.041114818851717,-0.024791692968962002,-3.115938496099619
1339761439420192,-213.8954095967226,-393.54460652548738,14.523331129024115,0.039674181134887,-0.025361059783207001,-3.115925856193194
1339761440216087,-214.96220696688434,-393.49799111318714,14.516415231814992,0.028067593400816999,-0.011450709716995,2.996842372049167
1339761440220331,-214.96220696688417,-393.49799111318686,14.51641523181498,0.028067593400816999,-0.011450709716995,2.996842372049167
1339761441011727,-216.05148194381232,-393.29975862918832,14.495984186520079,0.028238207400584001,0.0041199389690959997,2.9843806098416779
1339761441020007,-216.06308341826394,-393.29789355046455,14.495782552336387,0.023788086425087999,0.0035310541180410002,2.984469221006834
1339761441810020,-217.13649631664637,-393.08636279538479,14.475638837277241,0.0079259944891839993,-0.010178180783686,2.9194390462700821
1339761441819933,-217.15047558540869,-393.08312952264379,14.47535666304484,0.01219408228297,-0.0091618136336840007,2.919488842057135
1339761442610020,-218.24437734823192,-392.92121716521979,14.458442622599138,0.0084095875223649998,-0.0043233491909860002,3.0972422007477349
1339761442617457,-218.25464391104833,-392.9207066770598,14.458344280972224,0.0070172459614860003,-0.0046780857848230002,3.1008760050951758
1339761443410200,-219.35649236723904,-392.88426745412534,14.449852653675208,0.0056900915382109996,-0.013341892140064,3.097497954873075
1339761443420100,-219.37082768683265,-392.88352534363145,14.449740176008111,0.007332657699426,-0.013040356344421,3.096339239341777
1339761444214810,-220.47187210057939,-392.87208213536485,14.442069408020309,-0.002128553551981,-0.017904130242594001,-3.0837941690134958
1339761444220492,-220.4802437615657,-392.87257040415403,14.442024169197856,-0.0051960800386120004,-0.018072062361398002,-3.0830975377977978
1339761445013627,-221.61223367206554,-392.9031627847429,14.432357886721819,0.013441510855084,-0.0074233251852609998,3.134721036155022
1339761445021662,-221.6238191386993,-392.9030939480341,14.432221100164824,0.014840727361767,-0.007382427539019,3.1351682864838808
1339761445810521,-222.7434091649335,-392.90733815345317,14.418322370011326,-0.0050579513684990002,-0.0071976952355719999,-3.1378154889323082
1339761445818600,-222.75491204325601,-392.90742206163952,14.418168118008158,-0.0061625029400030002,-0.0073055847182420001,-3.1378058629977832
1339761446614877,-223.88868097062175,-392.88583964781731,14.399674101056865,0.023452290561518999,-0.0080910099566489993,3.0962214881219392
1339761446619865,-223.89600170579024,-392.88554354432455,14.399535622632465,0.023532700588729999,-0.0077515299073969996,3.0962530836476381
1339761447414813,-225.04434969056362,-392.88283467178729,14.379150078464363,-0.001847785205212,-0.009825485190888,-3.133950510311363
1339761447420752,-225.04434969056351,-392.88283467178707,14.379150078464349,-0.001847785205212,-0.009825485190888,-3.133950510311363
1339761448209858,-226.15084473821253,-392.9538923648646,14.378820371686672,0.033786286355422003,-0.0010981357966,-3.072296223479114
1339761448219977,-226.16454685519216,-392.95508533495217,14.378811361043455,0.033041343235171002,-0.0012854795860170001,-3.0722795065636008
1339761449010246,-227.24141856972275,-392.99159803127179,14.373053628470677,0.024261361043309001,0.0022160555743079998,3.1151822110976188
1339761449017440,-227.25079280640583,-392.99142626484621,14.372962548864429,0.025152455237426999,0.0019594554218999999,3.1151875909019782
1339761449810399,-228.29455345551924,-392.94432728166618,14.360130511236326,0.018538771523043,0.032905980078717999,3.0507667515992809
1339761449820301,-228.30449674108121,-392.94342102480147,14.359974266186587,0.016566314496617,0.029288576164701,3.0506136026175721
1339761450610373,-229.20256698108582,-392.84144359856066,14.344200742040179,0.033660972870159997,-0.022725102630560001,3.0282811174612991
1339761450617603,-229.21214358239922,-392.84034952696879,14.344025070424717,0.034748501728757999,-0.022284212525485,3.0292625629929422
1339761451409918,-230.26121322279559,-392.76994111102954,14.325943360136584,0.0067093788245529999,-0.017683298463916999,-3.13359644036262
1339761451421394,-230.27841008508958,-392.7701778094094,14.325687513592136,0.0050525497052619998,-0.015897325992125001,-3.1323857325720779
1339761452210178,-231.38830273747638,-392.79919847411264,14.306479229915247,0.030286767721073998,-0.016724105417468001,-3.1120687210460969
1339761452219956,-231.40167110038763,-392.79951455774085,14.306269716360145,0.030793999276398001,-0.017390957075803001,-3.1112174056484152
1339761453011624,-232.54367705699059,-392.76341942306442,14.290073404254741,0.0041316243023419999,0.0012188887777549999,3.0382081608795319
1339761453021741,-232.5574785887851,-392.76181686749374,14.289884902946874,0.0067236951953010002,-0.00018875433588199999,3.0381275959560181
1339761453816123,-233.70163396192521,-392.64267928718425,14.278962708013545,0.019254164734932001,0.019199683769957999,3.1229481234596599
1339761453820157,-233.70748977188549,-392.64248065985339,14.278942373320692,0.018881604992681,0.019369029901655999,3.1229397027247772
1339761454610272,-234.77123821484747,-392.66604411750336,14.28078553613992,0.0027528030944110001,-0.015540569277968,-3.1001843843593999
1339761454619647,-234.78371985189187,-392.66635554825746,14.280849080093674,0.0033497899393769999,-0.015897750122198,-3.1019172989298949
1339761455409905,-235.8276428986828,-392.66971894735872,14.287522902885053,0.011855232011933,-0.029865917575279,-3.13245835345178
1339761455421775,-235.84354953095226,-392.6693099123429,14.287581806063223,0.011046309463228,-0.030428490956830999,-3.1323034774171981
1339761456210869,-236.99325826218637,-392.60703699334761,14.288870184317439,0.0098447328571480003,-0.0037115444044550001,3.1246028257664991
1339761456219917,-237.00659546942006,-392.60633334969299,14.288862877052345,0.010753168823769,-0.0034452264480299998,3.1246599006075368
1339761457014240,-238.21661532046787,-392.63001414670168,14.288451535951607,-0.010682707775965,0.047990275114605997,-2.9874319836049028
1339761457021847,-238.22832704578076,-392.63144032784248,14.288458614808571,-0.011106919574532,0.049145037301356997,-2.9858033005642528
1339761457810225,-239.24637009905121,-392.73111924291976,14.286548748590535,0.010323719826772,0.016361686712700999,-3.0956834552610628
1339761457818735,-239.25694877721276,-392.73124182345225,14.286485403448514,0.011105872666218999,0.016423717803881001,-3.095642291465015
1339761458610189,-240.12995654996354,-392.6853361058993,14.278625737093432,-0.0066677280040279997,-0.048018350900537,3.1022892938606641
1339761458620130,-240.14095382976703,-392.68451531737185,14.278505886222947,-0.0077363549976089997,-0.048109033953798001,3.103509101279124
1339761459413246,-241.18876177049651,-392.7159924934399,14.255283099241797,-0.0030031382733029998,0.017424611422678,-3.0025445514329152
1339761459421328,-241.19942728961118,-392.71757486877198,14.254984314490974,-0.002606049968738,0.017242919175112999,-2.9995954666398439
1339761460210117,-242.18397491431693,-392.92832789529808,14.233515691990752,-0.0054419299998340002,-0.025970725418529,-2.9495417912866468
1339761460218697,-242.19582406480461,-392.93073876302276,14.233309494636746,-0.005458751457511,-0.025716641827252001,-2.9495629158448109
1339761461013847,-243.27818052318713,-393.07278004458362,14.218011066043864,-0.0047123667837019999,-0.014643185145086,-3.0490654606399361
1339761461022438,-243.28928696937845,-393.07385714775774,14.217900638548073,-0.0041510662006329999,-0.015261862132499001,-3.0475968351215692
1339761461800139,-244.3601656408492,-393.1943901614917,14.213070207075273,-0.0043649557017380004,0.003319366058255,-3.0519090962920501
1339761461818190,-244.38571681341867,-393.19672354909943,14.21307134898456,-0.0054381318196939999,0.0041964211744160004,-3.0525259916082579
1339761462614564,-245.47063498865336,-393.27928288383794,14.218318075874954,-0.0019883120511739998,-0.012528148357979999,-3.0699317278543501
1339761462619876,-245.4780896407288,-393.27981099735325,14.218391253179149,-0.001370715122323,-0.012069869594257,-3.069937836959364
1339761463414267,-246.54322853327,-393.39400347598337,14.22411350956763,-0.0011191069781170001,-0.016300815958611999,-3.0032024006027518
1339761463420279,-246.55141302477293,-393.3951596005661,14.224130868807951,-0.0023313063515770002,-0.016281196471203001,-3.0025210991327129
1339761464210424,-247.62923133067369,-393.50749218410016,14.222320188891546,0.0084645737079829999,-0.011713630913739,-3.0735361611518699
1339761464219096,-247.64119170245323,-393.50824131083141,14.222252094221425,0.0088626778095070007,-0.011662603048497,-3.073561855905127
1339761465013027,-248.74542719135022,-393.52764699874172,14.211169178999683,-0.0080921445713869992,-0.0078708221298419995,-3.1260355036681902
1339761465021742,-248.7576706930125,-393.52769152663342,14.211004649363252,-0.0083900295142449993,-0.0074399444734510002,-3.126048965523462
1339761465815409,-249.86312490964499,-393.545786320871,14.193372558833151,0.015996129361935001,-0.008660707544807,-3.1186380826550431
1339761465820475,-249.87036927708164,-393.54584312653805,14.193233671742696,0.015892607628544001,-0.0085433448857050003,-3.1186503459063402
1339761466612429,-250.96911332583269,-393.50699324659087,14.176342213699389,-0.0058440245659079999,-0.0091575432781040005,3.0867657926016632
1339761466620033,-250.97967621203202,-393.50614983168686,14.176235688850724,-0.0043879833602720004,-0.0093190636467820002,3.0851430138926741
1339761467410264,-252.11219946766823,-393.44752941093049,14.165971384990673,0.014617281952120999,-0.010527648684194001,-3.126484844630911
1339761467418991,-252.12465293034896,-393.44743486138316,14.165878542366087,0.0141149793479,-0.010815649042751001,-3.124671989099673
1339761468210236,-253.2685378057345,-393.43610331956791,14.157292323785319,0.0075210868063779997,-0.00080736554888199996,3.1214103367343169
1339761468216654,-253.27766560226996,-393.43569903917728,14.157212662827284,0.0082221876342549998,-0.00060508976318900001,3.1194613926465711
1339761469012584,-254.41112836438589,-393.40025921409676,14.147861048553668,0.00048452921916000003,0.032149128066273,-3.071647815980648
1339761469021434,-254.42473353100362,-393.40092069747465,14.147788810090976,-0.000213291135168,0.033811603377794999,-3.0715223084512622
1339761469810161,-255.37482858181173,-393.51275802866536,14.145219584812134,0.0058921754538950001,-0.024507959208068,-2.9452872828216758
1339761469820357,-255.3748285818115,-393.5127580286653,14.145219584812132,0.0058921754538950001,-0.024507959208068,-2.9452872828216758
1339761470614341,-256.32411616186704,-393.6653991109248,14.150648862983029,-0.012782509968539,-0.049031344914408997,-2.9938976254265661
1339761470619967,-256.33106144918537,-393.6662609159178,14.150675090518657,-0.013108290332855,-0.049298401725564003,-2.993894250484642
1339761471415907,-257.40826435704429,-393.71890770257721,14.151301555943199,0.0068950712605339998,-0.037767236636299002,-3.1160380341943692
1339761471419888,-257.41351928561465,-393.71889902102686,14.151293028522938,0.0067955751736840002,-0.037661642470812003,-3.1161996970222021
1339761472210146,-258.59082377891525,-393.73464707776566,14.149421146048276,-0.0026289345269450001,-0.0070804733690160004,-3.0683836448237458
1339761472219987,-258.6057033417523,-393.73534946897905,14.149406482060847,-0.0025073341499309999,-0.0068125499477870001,-3.066124641661963
1339761473011751,-259.78222606007546,-393.84687674748386,14.149353151114083,-0.0023647632165179999,0.0093100453138850008,-2.970714006014874
1339761473019857,-259.79386734342495,-393.84861494785025,14.149365465590435,-0.0039729403722880002,0.0090217320494030001,-2.9707022022863412
1339761473809835,-260.8620395267842,-394.05442705579514,14.151318219271786,-0.001734632647795,0.0091428657923499999,-2.9743408877098649
1339761473819926,-260.87576970847726,-394.05722859326011,14.151336063505784,0.00074681189549100004,0.0099236408678160005,-2.976547726542297
1339761474614856,-261.85270257907825,-394.18745157122498,14.149327562894054,-0.0049784922570679999,-0.037653403330809999,-3.0788884904643772
1339761474619876,-261.85850582708082,-394.18793434165701,14.14929979609381,-0.0052470618787080004,-0.038268825678623997,-3.0789402966688222
1339761475411104,-262.8900892228998,-394.22711222073906,14.14157039554574,0.0074246360902779996,-0.028693738843883002,3.1399567999718641
1339761475421166,-262.90375761937418,-394.22714389232647,14.141434376645801,0.0070395625000420001,-0.028780113936722002,3.1393070210500058
1339761476212008,-264.03365852975566,-394.2233310681026,14.12827066245972,-0.002508092790856,0.020771375341856999,-3.128025725729171
1339761476220189,-264.04637361481127,-394.22334869959889,14.12810506733177,-0.0023605924612340001,0.022367576506259,-3.128606176798101
1339761477010126,-265.12891679494345,-394.15347699015047,14.110018543276761,0.0053626667091779996,-0.031181407392577999,3.0176749174743791
1339761477019759,-265.12891679494334,-394.15347699015035,14.110018543276755,0.0053626667091779996,-0.031181407392577999,3.0176749174743791
1339761477813788,-266.1964608706902,-393.98468657289868,14.09341866903751,-0.0029584830198649999,-0.015101999573512,2.9584247721520738
1339761477820405,-266.20511040434582,-393.98311886146791,14.093282749889198,-0.0031861625584530002,-0.015471080020911999,2.9597798808551392
1339761478610396,-267.31145465471877,-393.847090296126,14.077912599890663,-0.0090121240889100007,0.036867339861969002,3.0233555411055839
1339761478619858,-267.32231347450897,-393.84572554749928,14.077762583838538,-0.0075821261921840003,0.034188317090780997,3.022110043936896
1339761479411629,-268.27266499708861,-393.64135242913011,14.063147936126256,-0.013679460250863,0.0064918267772259997,2.8488131651267099
1339761479419985,-268.28366571381156,-393.63778582292895,14.06296231365334,-0.014362227339548001,0.0074733393600550004,2.845836369137317
1339761480210019,-269.17161498398332,-393.23957442156188,14.047430330033665,0.002597402980734,-0.036698894393422998,2.6348067950168108
1339761480220383,-269.18361216477001,-393.23234879663232,14.047218095430939,0.0040170897652569999,-0.035063147194745001,2.6316681170977638
1339761481014178,-270.05966575971433,-392.60928701140188,14.025294419144128,-0.012955599809444,-0.007390345340027,2.4444933385833258
1339761481016985,-270.0624775060902,-392.60713462176017,14.025139700259867,-0.012948696073884,-0.0076549769801709999,2.4444950792380018
1339761481810357,-270.86810324457855,-391.87363496788248,13.978670848341848,0.029769633253936001,0.0042207582413919999,2.2930731908931512
1339761481816564,-270.87380479652336,-391.86749752491642,13.978319703941445,0.030664047439056,0.0042643134373320001,2.293075231640628
1339761482614217,-271.56612924008499,-391.01754006249405,13.932286996878922,0.010677760332495999,0.040773787171023,2.1531563359398569
1339761482620095,-271.57048412504088,-391.01105002040549,13.931955648727765,0.010178236598135,0.041073396184237998,2.153160392900062
1339761483410272,-272.06154193367502,-390.1277800654305,13.887861853965283,-0.0096852046882479996,0.020221547788292001,1.976407902053301
1339761483421643,-272.06790864106108,-390.11256491428827,13.887116032920208,-0.0081092093762140001,0.022588013337293999,1.9726454084277061
1339761484210281,-272.33515113814536,-389.20979415383209,13.842245001619146,-0.007625772970715,-0.025985925452021,1.7809862329891739
1339761484220576,-272.33729858230754,-389.19823805518149,13.84165407755123,-0.0085405676856750001,-0.027550406556520999,1.777961499115374
1339761485013499,-272.45325142231934,-388.19292983474048,13.796738580055083,0.0020632860203010001,-0.0014870672543049999,1.696232778042587
1339761485020488,-272.45422200623875,-388.18427160922101,13.796582840698189,0.002803465281778,-0.0022115726694,1.6962525714524379
1339761485810150,-272.61896750363746,-387.08232408984935,13.774524272628579,-0.050707609334004998,0.0063137049966959999,1.7377075491298291
1339761485818293,-272.62086778670653,-387.07036402983397,13.774261015698647,-0.051481938907475003,0.0067502326382759999,1.7377361277422809
1339761486610006,-272.7569764182258,-385.89261058056218,13.745989205343559,-0.015431702652364,0.037627574086776,1.6595199784712731
1339761486620259,-272.75830815648584,-385.87642102005691,13.745568293323457,-0.016122431286713999,0.038614408613154003,1.6612196937404471
1339761487410197,-272.78166956567117,-384.70702565001125,13.713091309671572,-0.046691100618323003,0.029375420044934,1.507787882737226
1339761487420231,-272.78068201396968,-384.69231031575003,13.712659621247969,-0.045928215949632999,0.029599876146813,1.50253762702463
1339761488212054,-272.68798387433031,-383.57992810292222,13.678123796104074,-0.042248789501224002,0.016792578783722999,1.4819243124545649
1339761488220215,-272.68702288519273,-383.56915001194051,13.677770195527525,-0.044390659804344999,0.016114644891444999,1.4819552472647171
1339761489011741,-272.60039843968366,-382.50282148398514,13.64207951521165,-0.031377193079808997,0.017341655004553001,1.4440450964031311
1339761489016832,-272.59974957646807,-382.49590120136656,13.641846722519169,-0.030839630831019,0.017213432561948998,1.4440026058918749
1339761489810411,-272.53815325117239,-381.36437377751207,13.60312870138349,-0.050820596037822997,0.034680961582427998,1.5404532587348181
1339761489819861,-272.53801731080023,-381.35050289648518,13.602647191986577,-0.051136676110896,0.034459876270616002,1.5402693615139289
1339761490612502,-272.56982653065779,-380.19785457800458,13.562382538405409,-0.031433055234427,0.039988356849662003,1.623220097032831
1339761490620459,-272.57049607531127,-380.18627298381762,13.561976897874613,-0.032114553997851999,0.040104548099164,1.6231483503395081
1339761491411759,-272.60968799194166,-379.05666301313357,13.522537084648889,-0.038791119783030001,0.034352136272784002,1.562525990671074
1339761491419965,-272.60942005512118,-379.04475043439612,13.522122721930899,-0.038438142458932997,0.034501386204263997,1.561268520735235
1339761492210113,-272.51422907629444,-377.93843610183023,13.487242916332434,-0.050408277718113001,0.031180707518822001,1.4278498865784119
1339761492220094,-272.51191440440221,-377.92406958484452,13.486809643327295,-0.051427443455903998,0.031095119747344999,1.4248660061635561
1339761493010269,-272.19348679172447,-376.85026337368532,13.451908857230162,-0.048619963865872001,0.063523552286244997,1.1653309223013051
1339761493022569,-272.18687288816079,-376.83567366157456,13.451414975664807,-0.048253885161546002,0.063286019514806002,1.162425427324369
1339761493813685,-271.68458388814764,-376.02801280996914,13.424694059560393,-0.081251693731508007,0.0033024488896759999,0.93392732896546204
1339761493820259,-271.6804648675469,-376.02273819090317,13.424525273934012,-0.081984202341150003,0.00202056455104,0.93397255050303496
1339761494610501,-271.04104464802197,-375.30733371844076,13.402299276592,-0.037604376813116999,-0.01904503043561,0.85754156173492002
1339761494618122,-271.03391961112351,-375.29960631419715,13.402053315699012,-0.037317619106514002,-0.018624816037707999,0.857502362841979
1339761495409943,-270.23191228723266,-374.51823120021555,13.377784219643253,-0.063696897029442007,-0.0067879688675710004,0.71163468475152303
1339761495422028,-270.21750412809047,-374.50668372610397,13.377467994194102,-0.062467700590484003,-0.0054977405677920001,0.70819359532259496
1339761496210271,-269.32104797225116,-373.90149360648496,13.360602202409115,-0.032131168500921001,-0.00079629559105599997,0.55397566158372402
1339761496218298,-269.31264736920787,-373.89622518004586,13.360420724080093,-0.032209981183747002,-0.0012342915857,0.55405989719087101
1339761497010214,-268.39083897298156,-373.43167953540762,13.345388194768084,-0.061342823426776001,0.0081471770891910003,0.35775591239097898
1339761497021845,-268.37613326006618,-373.42614338962881,13.345233537566893,-0.061308570263001003,0.0086732364685829996,0.35470576204359
1339761497810387,-267.43197134982847,-373.1614464860204,13.339061882671771,-0.058307051333748,-0.036186605424227997,0.186175381549577
1339761497818147,-267.42202327185373,-373.15958370343958,13.339035260159015,-0.058268936584051002,-0.036144304416370003,0.18622843782000001
1339761498612465,-266.4051510065932,-373.00889893010509,13.336533335094227,-0.047151429653026003,-0.044867999309173998,0.111880595979888
1339761498615768,-266.40095421847934,-373.00840363948998,13.336521556393004,-0.047127941711516998,-0.045038989044269999,0.111915164754237
1339761499414284,-265.31202358050899,-372.8873657189713,13.331266681232371,-0.069426488140309994,-0.029291523652341001,0.100928119347449
1339761499420515,-265.30368853824439,-372.88636737868296,13.331201219461356,-0.069655178270288998,-0.029348648524760001,0.100978582430099
1339761500209870,-264.21433080593465,-372.75514741207411,13.330661789484706,-0.067644062115109996,-0.013364090234608,0.12712380212123001
1339761500216142,-264.2054362581539,-372.75397191431153,13.330674682891043,-0.067363456148096995,-0.013024516838877001,0.12740701188216699
1339761501013590,-263.11733974731402,-372.61899423504235,13.333127620558926,-0.072621388244497001,-0.030734062251879999,0.091931270640072005
1339761501018003,-263.11122313945123,-372.61842560748687,13.333154647601706,-0.072725359959671998,-0.030649729351261,0.091916533149189003
1339761501810229,-262.0244109016067,-372.59753274017163,13.342827647268759,-0.059139652084985998,-0.046846508468359999,-0.03407136551783
1339761501818054,-262.01368164614183,-372.59796467747725,13.342960587005869,-0.059259154495183,-0.046953362967332997,-0.034082195987137
1339761502613955,-260.90741842024306,-372.62139827902405,13.35541429994203,-0.068452601026255,-0.032650562162111998,0.030030414640381999
1339761502620200,-260.89866992727275,-372.62117107996329,13.355489674160554,-0.068147685425441001,-0.032283595199309997,0.029996214721532001
1339761503410544,-259.81481272153519,-372.57280144950812,13.37090494623698,-0.064891613543324997,-0.032335810728402997,0.044580405851246001
1339761503418764,-259.80383593521589,-372.57241868461961,13.371287010481106,-0.064867877504104998,-0.032766115466834,0.044629827210724997
1339761504212821,-258.70557998152168,-372.60615816240841,13.407222076161442,-0.060952835383089002,-0.036628399973772,-0.078561330866697004
1339761504220441,-258.69551677730374,-372.60707435508027,13.40752690078682,-0.060759242862455001,-0.037225939330157998,-0.079162767534355999
1339761505013161,-257.59560772656744,-372.70009848944585,13.434209926355745,-0.057120907460997003,-0.033898881466537002,-0.056084257249080997
1339761505022720,-257.58182465971197,-372.70102616869241,13.434453401567493,-0.056650483189910998,-0.033463810074665,-0.055000728645629
1339761505810165,-256.45798780060329,-372.78220290502753,13.448026661520494,-0.064757807129274994,-0.029120889295687999,-0.072116859775774006
1339761505816039,-256.44932495533732,-372.78292229361045,13.448085418501877,-0.064781263877264003,-0.028988569906025,-0.072848842417775006
1339761506613485,-255.29563036397835,-372.85697408342332,13.448020041304961,-0.061423457998819,-0.011271807430197,0.0054079525275979997
1339761506620101,-255.28602765296077,-372.85699444591012,13.447935508027594,-0.061595828817143997,-0.011175177532166,0.005426686874471
1339761507409862,-254.24393978374556,-372.77752669536812,13.452814204687574,-0.074998541918230993,-0.022809448970598001,0.12805675777263401
1339761507418147,-254.2344459569276,-372.77627916968436,13.452899563159795,-0.074603466478607994,-0.024266629259385001,0.12830145284663699
1339761508214152,-253.18357840937742,-372.62516404968346,13.461267513578436,-0.078270559351348995,-0.022330441721571,0.124924887637326
1339761508220439,-253.17494548310154,-372.62407951210531,13.461340095614695,-0.078882591467079002,-0.022891415127820999,0.12254073001371101
1339761509011754,-252.10923490032519,-372.56919902406338,13.474243687806002,-0.062819892234396005,-0.037334591253134999,0.024931539274077
1339761509015317,-252.1045385210567,-372.56911225236712,13.474308874131877,-0.062645465691251997,-0.037471154599121002,0.024931879015873001
1339761509813051,-251.02832090899267,-372.48813456138618,13.485653498173239,-0.10960972204694699,-0.042574328538164001,0.133154648196878
1339761509820008,-251.01935479564591,-372.48698804734357,13.485717772554111,-0.10867421828383,-0.043294844700423003,0.13111488038455199
1339761510612555,-249.92285810521577,-372.40909657408884,13.497111263755537,-0.082040929406429999,-0.040215445907248001,0.045440740342619003
1339761510620336,-249.9228581052156,-372.40909657408872,13.49711126375553,-0.082040929406429999,-0.040215445907248001,0.045440740342619003
1339761511410129,-248.77676677639465,-372.41856476395736,13.516386452751606,-0.092843660369573006,-0.022475440413361001,-0.056951764304435999
1339761511415600,-248.76855363540409,-372.41906682140825,13.516528998569706,-0.092500517372608004,-0.022076572306216999,-0.056970512644714998
1339761512210240,-247.61657861534684,-372.45954647938379,13.531137674291411,-0.083622798661455999,-0.023730776950798001,-0.015511694763335001
1339761512220334,-247.60128379130302,-372.45978538267087,13.531265942260339,-0.084701660085077998,-0.022738039088473001,-0.015725350821963
1339761513011747,-246.46995333537615,-372.46952944901221,13.536894128750401,-0.084589936504512006,-0.023815946796740001,-0.0062314270092070001
1339761513016470,-246.46363351379216,-372.46955146470998,13.536904975689257,-0.084280527158768007,-0.024087654425338001,-0.0062058225627729998
1339761513812750,-245.36949083993017,-372.47936574549806,13.536178342081648,-0.106249797165723,-0.038891421199001998,-0.038888863501789002
1339761513820274,-245.35942507603576,-372.47972398645942,13.536163549210283,-0.10726398960319899,-0.039663265246479,-0.038821585658775998
1339761514610195,-244.26100941374102,-372.53674452666337,13.538677822011085,-0.080746213471365,-0.022481363620838,-0.049394320335551002
1339761514618402,-244.24936405340384,-372.53722574105325,13.538747538558994,-0.080243460343525003,-0.022327829599937999,-0.049462847331333999
1339761515414255,-243.13567870363096,-372.54711921959381,13.544285993094146,-0.11095244055282499,-0.025949586169291002,-0.0021736919868230002
1339761515421177,-243.12598510037054,-372.54707012394368,13.544337783306617,-0.10937967978435,-0.025786219366933,-0.0022329135022059999
1339761516211198,-242.00627975041982,-372.5372736956873,13.551592123072286,-0.097563690497279004,-0.015796707350794002,0.032128298218294001
1339761516219877,-241.99362541449295,-372.53678273619073,13.551665060019548,-0.098042920566242003,-0.015659619630942,0.032057083493272999
1339761517015002,-240.85974267783848,-372.45966281386222,13.557590564169519,-0.11181951025980599,-0.015369536182997001,0.055802173973609002
1339761517021890,-240.84981710908076,-372.45906007401737,13.557662268042019,-0.108932222725036,-0.015024448220521,0.055730481068173
1339761517811913,-239.71835420253498,-372.44422251981132,13.571125774985969,-0.099732734123737996,-0.0045080438581350003,-0.066814760754548994
1339761517820251,-239.71835420253515,-372.44422251981143,13.571125774985955,-0.099732734123737996,-0.0045080438581350003,-0.066814760754548994
1339761518612610,-238.71201854059677,-372.61811292097059,13.594108734093741,-0.083033738198446005,-0.036268068331329999,-0.229297677997295
1339761518620327,-238.70362975393607,-372.6201528113242,13.594347556160063,-0.082347815526130005,-0.037592240673720002,-0.22919138578335399
1339761519409936,-237.72215876720446,-372.84021398350086,13.621750856002929,-0.089990616314203006,-0.030896975201814,-0.173414450718157
1339761519420755,-237.70843103408259,-372.84248845808588,13.622094926773665,-0.092074343345104004,-0.031342296707771,-0.172282594616783
1339761520214280,-236.64395949782204,-372.95272788152823,13.646232472405968,-0.088285370596828006,0.0065656785175399997,-0.059405171975021001
1339761520219878,-236.63637789957028,-372.95293173429837,13.646383205655326,-0.087646775563103005,0.0064788061768309996,-0.056797061489411001
1339761521012795,-235.61860180293374,-372.89182059777681,13.66416138886332,-0.097727776823873999,-0.024818196352867999,0.063271704521764005
1339761521016204,-235.61395673565065,-372.89129103353827,13.664240445235965,-0.097639900623937001,-0.024654274155920999,0.063277262017924996
1339761521810178,-234.58543725212513,-372.77676278925867,13.700708126487086,-0.062382615967143999,-0.028632992472280999,0.075063130088294003
1339761521817796,-234.57560452146117,-372.77623318533102,13.701570670547245,-0.062313009461620002,-0.028460991210657,0.074607845609728995
1339761522613812,-233.51889992866143,-372.75195334354788,13.777388611533246,-0.079140139955236999,-0.015648839716515001,0.027990571998309
1339761522620009,-233.51038326752649,-372.75187490047159,13.777864911758719,-0.079051646435356004,-0.015430793045141999,0.028005943398147
1339761523412887,-232.41520770143509,-372.710875523293,13.820243826734782,-0.076939664835773997,-0.0041708354077719997,0.050276649089425002
1339761523420213,-232.40457793767803,-372.7104662679489,13.820490910238057,-0.077189870081340997,-0.0039993176695030004,0.048557534369849997
1339761524211153,-231.24464071635447,-372.70449100086654,13.832164363682928,-0.071585525751804005,0.0093231820288860005,-0.042727661664372002
1339761524216708,-231.2363858434864,-372.70488645817761,13.832154890925391,-0.071627825895711997,0.0092886410088629991,-0.044670289618413003
1339761525011736,-230.07859750366637,-372.80194159420796,13.818360008258797,-0.091194505278413995,0.0076083729852810004,-0.083540512217757004
1339761525020005,-230.0669869335795,-372.80287150531552,13.818073091724802,-0.091040483796536995,0.0073032369611120002,-0.083487669526739999
1339761525812360,-229.09873974261438,-372.843885566577,13.778310579983799,-0.091194109606214005,0.023232106614149001,-0.012909791276973
1339761525820198,-229.09331322626983,-372.8438402112053,13.778082467847863,-0.091345878894531995,0.019822990058797001,-0.012251320821267999
1339761526610622,-228.25885638780235,-372.84129964470566,13.750513352866701,-0.085906399677342996,-0.029490358734605,-0.024413421142390999
1339761526616434,-228.2514120475401,-372.84139312619641,13.750337756778137,-0.085749580782338006,-0.028992642015012001,-0.024444669155825001
1339761527410303,-227.2167948940064,-372.86071530671791,13.736641586018234,-0.079039442363551995,-0.051827699306555002,-0.021131850356158999
1339761527415076,-227.20954673549369,-372.860834238721,13.736615114212281,-0.079222110149871003,-0.051496931911588002,-0.021152068138420001
1339761528209951,-225.94878222234041,-372.89918900608654,13.747117833102163,-0.071303469490797994,-0.018285927458718002,-0.031119399421406999
1339761528220410,-225.93256942352915,-372.89969414256132,13.747430383621211,-0.070647245929913005,-0.018685641717312001,-0.030439158221035
1339761529014720,-224.6493170181152,-372.90704377066379,13.783926357419483,-0.081424549757339995,0.018539428879005001,0.056239028822089997
1339761529020872,-224.64931701811503,-372.90704377066368,13.783926357419487,-0.081424549757339995,0.018539428879005001,0.056239028822089997
1339761529810876,-223.56214301749759,-372.79544677966146,13.776089769386425,-0.060273535347315998,0.0027924166840919999,0.14697487293845099
1339761529816072,-223.55512453927793,-372.7944515860504,13.77603483927488,-0.060225217955098997,0.0028322863163170002,0.14694911387824999
1339761530612600,-222.51402704175916,-372.70707053212442,13.772136559213275,-0.066439607779351997,-0.026348944778554002,0.028905201503920001
1339761530620109,-222.50440477325964,-372.70691073171156,13.772142666945902,-0.066106116813305998,-0.026668788420244002,0.028887534426806999
1339761531411930,-221.45967594976008,-372.71471918171454,13.775031388900363,-0.057389083626899998,-0.043521005726866999,0.0095004183096340008
1339761531420230,-221.44830504585636,-372.71478435635885,13.775073324528051,-0.058999912672502,-0.042872761156179003,0.010092162494693
1339761532210215,-220.31668233398693,-372.68784182978885,13.779078823381901,-0.055137549080192,-0.018419125206020001,0.071924047302967004
1339761532216708,-220.30688354423046,-372.68727665551415,13.779111103661904,-0.054449297921570002,-0.018115303560213999,0.071877872039499996
1339761533011726,-219.17005606884746,-372.57266497490406,13.786131358030136,-0.053574645129051003,-0.012955152087031,0.11491162636565801
1339761533020430,-219.15775306423677,-372.57133251454184,13.786236306785831,-0.057431298105505998,-0.013556660949554,0.114939218236072
1339761533810493,-218.05030220964233,-372.5440437451158,13.797028460454186,-0.061154081527690002,-0.015923996611898,-0.052107762930472
1339761533816965,-218.04208898603605,-372.54451785170318,13.797122713150884,-0.060435961172341998,-0.016389225470522999,-0.052083432687928997
1339761534614298,-216.97656516929359,-372.60233378901268,13.807405795623696,-0.087779816483869996,-0.017020707447919999,-0.021444337750204
1339761534620253,-216.96827212161685,-372.60248950263292,13.807456237667608,-0.088436511811755006,-0.016826612469182999,-0.021227137984061999
1339761535410076,-215.87324477705786,-372.61436077532426,13.811541545077727,-0.087859738658221997,-0.020701177317066999,-0.026016522499909
1339761535418795,-215.86042177798123,-372.6145702234362,13.8115689726935,-0.087579769277134997,-0.020265174466221999,-0.026080677631131002
1339761536214767,-214.7413905739626,-372.69041409017416,13.815600095596377,-0.095934678762806994,-0.030023779751827,-0.14444583250794399
1339761536220132,-214.74139057396266,-372.69041409017416,13.815600095596356,-0.095934678762806994,-0.030023779751827,-0.14444583250794399
1339761537012487,-213.59327304833926,-372.857276988499,13.832321183672867,-0.082752300206093005,0.013071040638982,-0.045104122204229997
1339761537017590,-213.58653996423192,-372.85772470628604,13.832397910589858,-0.083323346117626998,0.012830623056033,-0.045062542875761002
1339761537809895,-212.55608925223729,-372.9055196403076,13.844862092078957,-0.089265527400107,-0.024092062023229999,-0.023783474834680001
1339761537814989,-212.54933313261719,-372.90574799473433,13.844951779041109,-0.088673105182843007,-0.024074117972826999,-0.023758794324016001
1339761538610064,-211.49668537628716,-372.95018916464039,13.861445976409634,-0.088896430307565999,-0.049974252827486999,-0.047191438167167997
1339761538620166,-211.48236605444788,-372.9508490316681,13.86170020369596,-0.089715142742455997,-0.049946261184836999,-0.048712301601686998
1339761539411848,-210.3378113177086,-373.02082343285099,13.885116316597559,-0.064968535187602997,-0.041110753539243997,-0.073003436968444996
1339761539420116,-210.32560539827119,-373.02152749182915,13.885386084468662,-0.064561637807557998,-0.041151452546072997,-0.070987640285164993
1339761540212825,-209.15956954682534,-373.0462651529312,13.899380442883849,-0.090826651404848996,-0.0088163452907020004,0.01423087842555
1339761540220129,-209.14981362367749,-373.04631474822037,13.899412569125989,-0.090916021087269996,-0.0093474466921479992,0.013729650601250001
1339761541011729,-208.07177439328012,-373.03265876769501,13.906627903223693,-0.067796856347557,-0.010516216440515,0.031420937633135998
1339761541017914,-208.06338869350714,-373.03250959864704,13.906717437530382,-0.067935249237763007,-0.010497701152370999,0.031371397151069
1339761541810285,-206.99482783110162,-373.02936984764989,13.923164972974421,-0.101479450884278,-0.02675782339169,-0.024448723114836
1339761541815611,-206.98712291702782,-373.02964362232137,13.923326565681041,-0.101256026822846,-0.026555193232693002,-0.027262868176222001
1339761542609889,-205.8816226379839,-373.10521414152663,13.952264605745082,-0.073976835425222001,-0.035263618832755,-0.068408678301067005
1339761542620337,-205.8665054907452,-373.10635933685296,13.952723028207496,-0.074701969788235997,-0.035162362984010001,-0.067081739298207002
1339761543409882,-204.72559302082257,-373.195197866554,13.991870302973513,-0.098795886972240995,-0.019547043789130001,-0.048098616548018003
1339761543416893,-204.72559302082269,-373.19519786655405,13.991870302973501,-0.098795886972240995,-0.019547043789130001,-0.048098616548018003
1339761544211106,-203.61562353407766,-373.20309378557329,13.989961023000282,-0.084575153955508006,-0.017291091893454,0.056940211739132003
1339761544220046,-203.60368173491679,-373.20236448489425,13.989915287560786,-0.085062650114031996,-0.017436564747657,0.062597276614535
1339761545009883,-202.51874098137165,-373.1607969456561,13.986917143417141,-0.076579441647134996,-0.020162061049246002,-0.042894660580148
1339761545019880,-202.50444146555154,-373.16135088421993,13.986925253162278,-0.075836650660874,-0.019122818726052,-0.042933430015092998
1339761545810572,-201.48044485364332,-373.2574320106549,13.990456315005577,-0.069450595353763994,-0.064883187296661995,-0.17192184270986
1339761545820110,-201.46709759660453,-373.25973187526444,13.990557019881507,-0.069300431011281999,-0.063482148851516998,-0.17988929643288701
1339761546610326,-200.39253522310341,-373.50131890178284,14.002413361382601,-0.050589977967083997,-0.038081657310317998,-0.189429304837919
1339761546615551,-200.38554442390677,-373.50263224822254,14.002486634627566,-0.050514921013519003,-0.037956246473656002,-0.18562214955686501
1339761547410175,-199.34509338108072,-373.59835539527893,14.011990782994381,-0.074362915471770999,-0.027260759374153998,-0.124530415952086
1339761547420683,-199.33323192667513,-373.59886400777907,14.01217565979103,-0.072508787361981006,-0.02886117545904,-0.12849152652089299
1339761548209896,-198.41407120668114,-373.75301964363501,14.031843735141091,-0.050335211705004997,0.012135915485348,-0.359900343351992
1339761548219979,-198.40388138573144,-373.75605153541983,14.03212314639471,-0.051402372371741001,0.011220482239246,-0.35986593034772102
1339761549010013,-197.77117293793481,-374.00591502375249,14.052274713687702,-0.044930517625049002,-0.13879163329650701,-0.48388831992874198
1339761549014810,-197.76693256950284,-374.00785617600638,14.052420792780744,-0.044806873240921002,-0.13916656661836699,-0.48350252778016201
1339761549814250,-196.81714472604918,-374.35970196061692,14.080081853570254,-0.06523020552863,-0.034021550693615003,-0.31488642165737002
1339761549820489,-196.80854205699046,-374.36184694162387,14.08027359261227,-0.066105044230004004,-0.032951295527484999,-0.31493894942244399
1339761550611905,-195.81176047550306,-374.58778519713701,14.10067320628335,-0.064282858927089001,0.00057752284603599996,-0.26529572121191403
1339761550620289,-195.8007918010149,-374.58990764244663,14.100872810529449,-0.062534234908259004,0.001911716376319,-0.262872651640707
1339761551414286,-194.8920337486739,-374.69830009056847,14.113890565679739,-0.060918562988986999,-0.054337933960001999,-0.15881160283538701
1339761551420867,-194.89203374867395,-374.69830009056852,14.113890565679732,-0.060918562988986999,-0.054337933960001999,-0.15881160283538701
1339761552210432,-193.93604096499888,-374.8412149345254,14.14230522567906,-0.071748337234518997,-0.040846395987628001,-0.157551581240118
1339761552218845,-193.92576631425769,-374.84276757631358,14.14258931290132,-0.071921024567097994,-0.040983078825608997,-0.15752981196940199
1339761553010011,-192.89243799497024,-375.05693321889493,14.171155586810766,-0.049767264280068002,-0.031730600125364002,-0.25845039751998899
1339761553016170,-192.88413942215266,-375.05909364698374,14.171382955882491,-0.049876657026644997,-0.031438488574917003,-0.25844745867632302
1339761553809878,-191.82999614205983,-375.42428029030134,14.200993963637778,-0.057897308811903997,-0.00018558291598799999,-0.362647239935868
1339761553815306,-191.82252088571562,-375.42711365618106,14.201191176936224,-0.057549850857944,0.00050607160760899998,-0.361129175899359
1339761554610115,-190.86052177403243,-375.68401412052009,14.219992357703553,-0.063668364878950001,-0.012670036793223,-0.17594661842412401
1339761554615929,-190.85532772018399,-375.68486230711102,14.220061917307437,-0.064212252637914996,-0.014321511155409,-0.17588326953011199
1339761555409880,-189.96412233194636,-375.77392732199991,14.225985763094428,-0.063635045747214,-0.031082250637103001,-0.081277693934857995
1339761555420091,-189.9515151921176,-375.77523914707547,14.225958050905913,-0.063335871587487005,-0.031450754361825997,-0.083664218581549002
1339761556211929,-188.90306615079021,-375.97793714198167,14.226551377524089,-0.063661233655506994,-0.0060037624339000003,-0.29450661176931697
1339761556220612,-188.8903625762905,-375.98203355534508,14.226615238113903,-0.062935116145069997,-0.0061146500485859999,-0.29924639506191297
1339761557014295,-187.94189110792493,-376.4262885946199,14.236996806588579,-0.042474028147763,0.054054394996101998,-0.57702787292756397
1339761557019927,-187.93607637148114,-376.43017056452345,14.237109517789371,-0.042654961353715,0.054806401089649001,-0.58142363143742604
1339761557811720,-187.47323703097484,-376.83185869912666,14.250180150931302,-0.023631531556437001,-0.048399357198437999,-0.84885644882817102
1339761557820303,-187.47185414569495,-376.83346894508765,14.2502375405646,-0.023381630418021,-0.052850853042524001,-0.85079522534380603
1339761558610012,-187.22354029485354,-377.20225447406608,14.264209630487617,-0.024388673564423001,-0.17265127903104999,-1.026198604051904
1339761558615704,-187.22021181418222,-377.20792857862682,14.264433933613827,-0.024795403644767001,-0.17179903638237301,-1.0262247812204219
1339761559410165,-186.8261828104786,-378.12160200835604,14.303896581849139,-0.009131112139635,-0.14021759755495899,-1.2633938671818981
1339761559421728,-186.82180616040495,-378.13594038380427,14.304566542082567,-0.008648545382002,-0.13970511083802001,-1.2634113387989589
1339761560213439,-186.48233513489342,-379.36254643661391,14.366837185063789,-0.011260024981959001,-0.052306671185610998,-1.294299986055665
1339761560220165,-186.4823351348933,-379.36254643661385,14.366837185063785,-0.011260024981959001,-0.052306671185610998,-1.294299986055665
1339761561013019,-186.22459416914717,-380.53702980961674,14.436093794194147,-0.001337362320584,-0.013969110476394,-1.3725182248344929
1339761561021728,-186.22220769573033,-380.55005926010358,14.436781020375893,-0.00045151715778099998,-0.013053823101398999,-1.3741490999569641
1339761561812720,-186.05736958067143,-381.58913605873562,14.485573801106183,0.00012822775606,-0.040889360333873997,-1.414286214705861
1339761561820304,-186.05592134968987,-381.59870904772464,14.485966674448033,-4.4832631411999997e-05,-0.040879572922051001,-1.414243344639174
1339761562611737,-185.91486843407688,-382.56692106523838,14.520174102718105,0.017088694414337,-0.060617457597335,-1.4301682648983489
1339761562620470,-185.91336441692141,-382.57716850200336,14.520476662245844,0.017057906970473002,-0.061367108333477999,-1.4292051227877081
1339761563410009,-185.73805609612839,-383.54722997719665,14.543360979707145,0.0081687963690970002,-0.069628631059795998,-1.3632737178843171
1339761563415688,-185.73654199838472,-383.55366342515509,14.543474593113189,0.0081533489552970007,-0.069981364516123995,-1.363243792356575
1339761564212106,-185.48894690128589,-384.55578184114279,14.56754122766457,0.022127320668514999,-0.053232633340083997,-1.322526449143965
1339761564220713,-185.48577671820507,-384.56878205480882,14.5682137357011,0.021830169710390999,-0.052451976784337002,-1.3225289251525401
1339761565013711,-185.17748148245519,-385.75521912760456,14.628786780760057,0.0084382852427469998,-0.030832309957484001,-1.31322549478352
1339761565021732,-185.174365148649,-385.7674963616941,14.62940281140121,0.010594957055149999,-0.029898742550449001,-1.3137201088075849
1339761565812660,-184.93578293557135,-386.93643095616784,14.686691993031639,0.019816640425712,0.0054781566492489997,-1.430881436451056
1339761565820212,-184.93439155137906,-386.94722575438755,14.687207190940649,0.019288608795583001,0.0053037914599639996,-1.4308812958145101
1339761566610683,-184.81731536545323,-387.95497823291265,14.734598113825957,0.024166097478453,-0.033921624037162999,-1.3871433586490369
1339761566614368,-184.81648482937649,-387.95974126223689,14.734820920032405,0.024528538711640999,-0.033880136057835998,-1.387143433250299
1339761567411467,-184.59921469662075,-388.88991080500733,14.778136551588673,0.0072826195241959997,-0.083980669365066998,-1.313107884224042
1339761567419882,-184.59676355443082,-388.89959423252759,14.778582677616299,0.0067765612979150004,-0.084469713909179997,-1.3131054140295271
1339761568210134,-184.40067003488554,-389.87659798141078,14.794674436290114,0.033865563118858001,-0.088357697468091995,-1.41645281678986
1339761568214537,-184.3998500470604,-389.88236769435173,14.794719315157069,0.033913275528631,-0.088309669458416007,-1.4157173927947879
1339761569011726,-184.29865055005951,-390.96631522201335,14.803370490964173,0.004212909263392,-0.065362205633280004,-1.510263306876896
1339761569019157,-184.29813092800896,-390.97823650987118,14.803467720321933,0.004197720305466,-0.063848098258757993,-1.510296629905755
1339761569810266,-184.26780327670423,-392.05316518479452,14.812326140627782,-0.0061786373944000004,-0.099515419313444001,-1.513994021297389
1339761569820200,-184.26731074478607,-392.06609056477089,14.812433437938767,-0.0080100705453819993,-0.099122990604127006,-1.5093853835625819
1339761570610242,-184.12761300227652,-393.18385126252667,14.82161874341719,-0.033820772364665998,-0.052513606455040003,-1.335995052681213
1339761570616471,-184.1257781903698,-393.19207936119045,14.821685156329693,-0.033743095102581999,-0.052571039433441998,-1.333472895479179
1339761571409876,-183.81993319841595,-394.19319532886283,14.829555736230295,-0.035353523992086001,-0.071924020824102,-1.2418623604362771
1339761571417724,-183.81993319841612,-394.19319532886283,14.829555736230292,-0.035353523992086001,-0.071924020824102,-1.241862360436278
1339761572209932,-183.51033454429296,-395.25682984325522,14.828728619496964,-0.042121968789115997,-0.073177157697637996,-1.3869041177417829
1339761572220326,-183.50740655714949,-395.27171543820083,14.828718979761646,-0.041327822357158997,-0.072597922598010997,-1.396259500832695
1339761573013067,-183.39266348072562,-396.29267550661905,14.827604435598143,-0.0065054336894829999,-0.10620469364506401,-1.542668489000478
1339761573021732,-183.39226853702354,-396.30239952469981,14.827587522646471,-0.0066677933292830002,-0.107486769150603,-1.5435549554728589
1339761573810135,-183.46101699713466,-397.29922891049438,14.824575183923638,-0.0020616078452480001,-0.063862227316163006,-1.772758748892306
1339761573820146,-183.46332191135303,-397.31103149970698,14.824518397802343,-0.00027662349824000002,-0.064312643159903995,-1.7815741833228931
1339761574610252,-183.69040296423185,-398.07723064989187,14.819263200627157,0.01849849482035,-0.18044780036928701,-1.9345794790768169
1339761574620545,-183.694207655795,-398.087347490122,14.81917289175146,0.017670716664291,-0.179277568354163,-1.939496452229631
1339761575411687,-184.16942425035029,-399.01081577438242,14.807412975020789,0.014072913780041999,-0.113484756799693,-2.1302673031045911
1339761575420367,-184.17589091366563,-399.0209067247846,14.807242809151601,0.013452064540121,-0.11361587948204201,-2.132024007356371
1339761576210198,-184.89760410388425,-399.97411863585245,14.76977253726762,0.042003469128171003,-0.044843932423916003,-2.3287111922507631
1339761576216010,-184.90355193790842,-399.98069274094479,14.769404765860713,0.042386858908462999,-0.044509860028461003,-2.328680950737251
1339761577011756,-185.71125690097151,-400.75166197499283,14.716600412370212,0.041423544793259,-0.046697701735930998,-2.498565338782214
1339761577019984,-185.71987365545112,-400.75831804236526,14.716022541511897,0.042798591196914003,-0.046361932792992999,-2.502665191489593
1339761577812139,-186.57281651550639,-401.27626249000099,14.65798125354228,0.046109390670730999,0.012649432494943,-2.724859271620014
1339761577819856,-186.57959782773452,-401.27930278810879,14.65751442040099,0.045292248819026,0.012114833550042999,-2.7248412285814658
1339761578612372,-187.19242192578383,-401.47786515178859,14.61519719983281,0.024502505549130998,-0.15412500232538701,-2.9129625814640741
1339761578620409,-187.20002235288786,-401.47961350026384,14.61466585139609,0.026099657534806,-0.15381243046194301,-2.9147390260197739
1339761579413141,-188.0817459544545,-401.69511420614424,14.549275472818291,0.018434092161969999,-0.15474255031397799,-2.866006856800202
1339761579419863,-188.09025172345883,-401.69748439340543,14.548605585292437,0.018216772578406999,-0.15488688691661301,-2.8665426143253092
1339761580210168,-189.16954513243647,-401.9726472408525,14.459290813968833,0.027229208042116999,-0.099604748036957999,-2.9327890134197219
1339761580217718,-189.18071924541533,-401.975065490774,14.458364804379531,0.027337815554074999,-0.098720307610449004,-2.932770616364901
1339761581012919,-190.35940331441108,-402.16231423785803,14.364025146489372,0.017135575497239,-0.055000541139578002,-3.0468488736358599
1339761581014603,-190.36187948059282,-402.16255603927488,14.363832534328282,0.017198574578285001,-0.054919129076218001,-3.046843630716066
1339761581812271,-191.46162947387103,-402.24984744525824,14.279728862092188,0.023628463259069001,-0.067462917952406998,-3.0512030683259792
1339761581816443,-191.46750104942996,-402.25042551312094,14.279287597897735,0.023853119023278999,-0.067190126839982003,-3.0511890471561038
1339761582611407,-192.50605565306836,-402.44682143182933,14.203103499360724,0.035323981490838999,-0.060742737298959001,-2.8759165350594631
1339761582618608,-192.51404160315806,-402.44913385051785,14.202535006125395,0.035910796418460997,-0.061347724344541998,-2.8759154424277971
1339761583412212,-193.4289775188621,-402.80378620858153,14.139773390183688,0.024414423222307,-0.078960691942381006,-2.7415320070329741
1339761583420125,-193.42897751886204,-402.80378620858136,14.139773390183695,0.024414423222307,-0.078960691942381006,-2.7415320070329741
1339761584209982,-194.45449820802483,-403.21511773720118,14.053372894658828,0.039686778749335003,-0.073695323313567998,-2.7350497231902371
1339761584220350,-194.46844098491039,-403.22101016899387,14.052193135980765,0.036618901713476003,-0.072850457246839001,-2.7333755354688649
1339761585011749,-195.46796459493567,-403.69914155406786,13.966998917738596,0.034127079620128002,-0.072772168173394006,-2.624538219428568
1339761585016864,-195.47412559366524,-403.7026469419867,13.966466430641796,0.034331627897709001,-0.072824070159694998,-2.621981064679888
1339761585809860,-196.34532376833249,-404.30431407821561,13.888960574529385,0.036148590360981003,-0.091608454465373995,-2.4629055391158579
1339761585820071,-196.35564292926665,-404.31283637346621,13.88800709552784,0.036572979883302,-0.091862002211958005,-2.4599585771262569
1339761586609895,-197.05830242761144,-405.02997928701632,13.818538841439715,0.031698415679296002,-0.11547406214502499,-2.2715158446283898
1339761586619883,-197.066312391309,-405.04000647216043,13.817676348596198,0.032210062478737998,-0.115571066119989,-2.2685648117937398
1339761587411748,-197.6069000961995,-405.89077259210109,13.756301606252606,0.027399972982633001,-0.097351989729189001,-2.0551503247813541
1339761587419906,-197.61165886644326,-405.89942530060767,13.755855341170012,0.027126699618329,-0.098650190278687003,-2.0499668392496431
1339761588210042,-198.0393695570402,-406.78411273950439,13.712851684048713,0.017842373702757,-0.12738392445966801,-1.9863369058222591
1339761588214761,-198.04217127643793,-406.79020285247447,13.712561773341783,0.017690882708126,-0.126998935409078,-1.9865556110395119
1339761589012921,-198.46198774759927,-407.86887669746142,13.664190723899956,0.021559042218053,-0.068533990134633002,-1.843785858939561
1339761589021731,-198.46577336248967,-407.88183532869169,13.663653650051561,0.021925825568196,-0.067334822298166994,-1.841008424460685
